Subject,alpha,beta,decay,llh
sub-2013_1,1.0,0.0813418856245967,0.0,10.908859088144593
sub-2013_2,0.0,1e-10,1.0,11.090354888959125
sub-2013_3,1.0,0.22255659157800023,0.2279301041395732,10.5230349292139
sub-2013_4,0.011078937970265303,20.0,0.0023069582718192863,7.975674716618691
sub-2013_5,0.011204929113218307,20.0,0.39613617434210713,10.191059562883355
sub-2013_6,0.011075407156307927,20.0,0.0,10.149645050015417
sub-2013_7,0.010898714236385887,20.0,0.0,9.793480692877466
sub-2013_8,0.012033748830578382,20.0,0.34166579758785454,10.547398567677982
sub-2013_9,0.006958390495483206,20.0,0.23860140476168648,9.758847093019694
sub-2013_10,0.007295862629446721,20.0,0.41831001163476356,9.055665786235592
sub-2007_1,0.0,1e-10,1.0,11.090354888959125
sub-2007_2,1.0,0.2061810424357654,0.0,10.061935667848719
sub-2007_3,1.0,20.0,1.0,9.704060527839234
sub-2007_4,0.023870342884666287,20.0,0.012900147533060034,6.311881279571268
sub-2007_5,0.006939850831317599,20.0,0.0,10.683727376927823
sub-2007_6,0.010775198946345297,20.0,0.0,9.804080709199727
sub-2007_7,1.0,4.434281674965505,1.0,9.704062197576633
sub-2007_8,0.45344262370948624,0.30846801327252554,1.0,10.885579795487198
sub-2007_9,0.2927473669715525,0.7730302819039034,0.0,8.979662578706229
sub-2007_10,0.19885809573276825,1.3348367392476124,0.36161287100737355,10.044895200930666
sub-2006_1,0.0037080719016925733,20.0,0.0,10.315382762353014
sub-2006_2,0.0022036766415483846,20.0,0.0,11.057380164264018
sub-2006_3,0.0,1e-10,1.0,11.090354888959125
sub-2006_4,0.0,1e-10,0.6014540374497905,11.090354888959125
sub-2006_5,1.0,0.04467018944579181,1.0,11.056937136374815
sub-2006_6,0.004722375234764314,20.0,0.0,10.816300692719954
sub-2006_7,1.0,0.08134187793451103,0.0,10.908859088144593
sub-2006_8,0.0,1e-10,0.6991979805210772,11.090354888959125
sub-2006_9,0.8961469247965034,0.2768600379288434,0.1833127891111967,9.983728556342168
sub-2006_10,1.0,8.794669483359288,0.9949132970790184,11.056940680645914
sub-2012_1,1.0,20.0,0.0,6.931471805599453
sub-2012_2,1.0,20.0,0.772690943453189,5.575942917354275
sub-2012_3,1.0,0.28716497883473324,0.0,9.326898739582365
sub-2012_4,1.0,20.0,0.6108408291777057,5.479648984153164
sub-2012_5,0.6013666204946729,0.29747635293154295,0.0,9.988310929273965
sub-2012_6,0.006887506890719314,20.0,0.0,10.787532601469156
sub-2012_7,0.013057938214944699,20.0,0.0,8.676238877927357
sub-2012_8,0.5530083018665346,0.7206038350754876,0.0,8.30945163800575
sub-2012_9,0.0,1e-10,1.0,11.090354888959125
sub-2012_10,1.0,0.3782323174708172,0.34113926635596165,9.911134824736873
sub-2004_1,1.0,4.666329965692041,1.0,8.317767831458182
sub-2004_2,0.006915695070753835,20.0,0.2168228080842504,10.70176812440432
sub-2004_3,1.0,20.0,0.765852853595502,7.003934156352006
sub-2004_4,0.01713007196749729,20.0,0.0,7.206436802154527
sub-2004_5,1.0,20.0,0.8679219676384721,5.546017056088045
sub-2004_6,0.014536543243862507,20.0,0.10048304408751832,8.570451386781244
sub-2004_7,1.0,20.0,0.8070370713071134,5.78742391909393
sub-2004_8,0.009635517118042967,20.0,0.0,8.84101399553084
sub-2004_9,0.9999956960712157,3.4349641544296325,0.5117788456850828,8.351433640114552
sub-2004_10,0.013634398206327487,20.0,0.0,9.015026215322811
sub-2010_1,0.004237940849936917,20.0,0.0,10.720658425337511
sub-2010_2,0.014620500489675009,20.0,1.0,9.894062192045888
sub-2010_3,0.002256402405240187,20.0,1.0,11.023229048978274
sub-2010_4,0.7181073465672136,0.19477942773175297,0.7480380170915014,10.987967342223161
sub-2010_5,1.0,20.0,0.9528779264613811,7.0701833656043656
sub-2010_6,0.0,1e-10,1.0,11.090354888959125
sub-2010_7,0.004973624201806213,20.0,0.7947084143470667,10.805878250375605
sub-2010_8,0.0,1e-10,1.0,11.090354888959125
sub-2010_9,0.07067676880913615,2.382959337803714,0.0,10.33264671575329
sub-2010_10,1.0,0.026715165122047885,0.0,11.070336719351479
sub-2038_1,0.0,1e-10,1.0,11.090354888959125
sub-2038_2,0.03824639555785345,20.0,0.48162240853991345,9.575827626929154
sub-2038_3,0.09020180456306698,1.0149694555695297,1.0,10.605805673455178
sub-2038_4,0.0009482697808206478,20.0,0.0,11.076152125941203
sub-2038_5,1.0,0.18696873716106371,0.41854363377868675,10.725225163936296
sub-2038_6,0.0,0.22684855625830358,1.0,11.090354888959125
sub-2038_7,0.0,1e-10,1.0,11.090354888959125
sub-2038_8,0.9995799571751013,19.024304019286674,0.9976509488743519,9.670642775255047
sub-2038_9,0.011347580986917256,20.0,0.3509457126288086,10.538274232011998
sub-2038_10,0.00202220953956086,20.0,0.0,10.824080998041424
sub-2039_1,0.01998519825182197,20.0,0.0,7.387650614088331
sub-2039_2,0.4115233995859416,0.19766041120084216,0.0,10.908859088144593
sub-2039_3,1.0,6.221463416724992,0.0,6.931471829110911
sub-2039_4,0.016526352330599316,20.0,0.0,9.331020016693047
sub-2039_5,0.01462050139873692,20.0,1.0,9.894062192045899
sub-2039_6,1.0,6.856256938308514,0.0,6.931471809100658
sub-2039_7,1.0,6.702333328004963,0.0,5.54517745188756
sub-2039_8,0.016470597449978353,20.0,0.12749059591163503,8.572959125324093
sub-2039_9,0.28900914516554854,1.8308543652630713,0.0,8.040500587944445
sub-2039_10,1.0,0.5927683273512881,0.0,6.8582866335951245
sub-2011_1,1.0,20.0,0.5099216790873504,5.727634703878524
sub-2011_2,1.0,12.756962113301677,0.29115288737837564,6.931471805599453
sub-2011_3,0.05963398418743238,20.0,0.0,5.772690058878548
sub-2011_4,1.0,6.635292913560329,0.9995868576688964,8.317766173353784
sub-2011_5,0.007989039430164973,20.0,0.0,10.546652532560188
sub-2011_6,0.5424075548770726,0.4754238750599573,0.0,10.093266472000865
sub-2011_7,1.0,0.20618104461537123,0.0,10.061935667848719
sub-2011_8,1.0,20.0,0.8863019662105721,8.810454752680233
sub-2011_9,0.01781444671478181,20.0,0.0,8.662690093157385
sub-2011_10,1.0,0.5927683198689045,0.0,6.858286633595124
sub-2005_1,0.0,1e-10,1.0,11.090354888959125
sub-2005_2,0.0,1e-10,1.0,11.090354888959125
sub-2005_3,1.0,20.0,1.0,9.704060527839234
sub-2005_4,0.00533358988645818,20.0,0.0,10.626596038032838
sub-2005_5,0.9999999902068516,5.468387199092313,0.8400738089418693,9.601673056734183
sub-2005_6,0.0,1e-10,1.0,11.090354888959125
sub-2005_7,0.003368787379247173,20.0,0.0,10.651146427957244
sub-2005_8,0.31553794359771575,0.44328279792541453,1.0,10.987967342223161
sub-2005_9,0.0,1e-10,1.0,11.090354888959125
sub-2005_10,0.0,1e-10,1.0,11.090354888959125
sub-2001_1,0.9999929540384626,9.987089758834987,0.6559876190406568,5.442789897744029
sub-2001_2,1.0,20.0,0.8899834317885403,5.552340561067597
sub-2001_3,0.785167506277994,1.0382045690725084,0.40555218427068535,9.169227583257637
sub-2001_4,1.0,0.09074174347030448,0.0,10.82094049246924
sub-2001_5,0.027594730854243767,20.0,0.0,6.695795410725815
sub-2001_6,1.0,0.046358334238800904,0.3217766761203106,11.054119767949722
sub-2001_7,1.0,13.635788978079415,0.0,5.545177444479562
sub-2001_8,0.04094707393168059,20.0,0.424019234719688,8.37088761541133
sub-2001_9,0.23958966607025112,0.9377092783056198,0.0,10.138413292581118
sub-2001_10,1.0,5.14502107405855,0.0,8.317766562693874
sub-2002_1,1.0,15.099242529514228,1.0,9.704060527839234
sub-2002_2,1.0,20.0,0.9639474239671347,9.954379853993089
sub-2002_3,1.0,4.4305582640768915,1.0,9.704062216332563
sub-2002_4,0.14310672382599543,0.9774002548807871,0.0,10.885579795487198
sub-2002_5,0.27157482262465804,1e-10,1.0,11.090354888959123
sub-2002_6,1.0,20.0,0.9165873555829115,9.398362993448929
sub-2002_7,1.0,19.957585046595952,0.9929926415300733,9.601683284446686
sub-2002_8,0.0,1e-10,1.0,11.090354888959125
sub-2002_9,0.0,0.5362226636835787,0.8621936925372856,11.090354888959125
sub-2002_10,1.0,0.13987253919053713,0.0,10.578417155279306
sub-2003_1,0.0,1e-10,1.0,11.090354888959125
sub-2003_2,0.0,1e-10,1.0,11.090354888959125
sub-2003_3,0.0,1e-10,1.0,11.090354888959125
sub-2003_4,0.3087536073123189,0.45302317798215586,1.0,10.885579795487196
sub-2003_5,0.0033631608886936066,20.0,0.0,10.989952066765074
sub-2003_6,0.0,0.8376107090610307,1.0,11.090354888959125
sub-2003_7,0.07383253717711445,20.0,0.7791251678605928,8.754409437332193
sub-2003_8,1.0,0.13987254158226528,0.0,10.783192248751234
sub-2003_9,1.0,10.426314945287587,0.6596698430176257,6.82908425886358
sub-2003_10,0.0,1e-10,1.0,11.090354888959125
sub-1009_1,0.0,0.26702928061620945,0.8914491293342452,11.090354888959125
sub-1009_2,1.0,20.0,0.9837929274120818,7.450231511029332
sub-1009_3,1.0,0.13987253568494357,1.0,10.885579795487198
sub-1009_4,0.0,1e-10,1.0,11.090354888959125
sub-1009_5,0.0,1e-10,1.0,11.090354888959125
sub-1009_6,0.0,1e-10,0.7772021082519034,11.090354888959125
sub-1009_7,0.0,1e-10,0.9249309669800073,11.090354888959125
sub-1009_8,0.0,1e-10,1.0,11.090354888959125
sub-1009_9,1.0,20.0,0.7207738829525834,8.89222694263362
sub-1009_10,0.0,1e-10,1.0,11.090354888959125
sub-1021_1,1.0,0.08134188483253223,0.0,10.908859088144592
sub-1021_2,0.01089871435388925,20.0,0.0,9.793480692877475
sub-1021_3,0.02417668371319074,20.0,0.0,7.846697512920776
sub-1021_4,0.1252647684499891,20.0,0.7949900041325195,7.999504339115317
sub-1021_5,1.0,20.0,0.9931097615717338,8.216799359629478
sub-1021_6,1.0,0.13987253899508134,0.0,10.885579795487198
sub-1021_7,1.0,0.20618103962560697,0.0,10.061935667848719
sub-1021_8,0.001968981597692886,20.0,0.4238688050338443,11.0436939347485
sub-1021_9,0.01270619293138237,20.0,0.28984776780660404,10.019889260723499
sub-1021_10,0.013763416898666546,20.0,0.5562378219529099,10.710285137153775
sub-1035_1,0.023291201971095958,20.0,0.6605595047106374,7.898064625481084
sub-1035_2,1.0,0.0813418849269311,0.0,10.908859088144592
sub-1035_3,0.42384221912209696,0.6179048609273364,0.0,9.108237710273915
sub-1035_4,1.0,0.2578734941253563,0.0,10.195654018736827
sub-1035_5,0.13309911982751713,1.617616648768436,0.3223923164424949,9.275727371176984
sub-1035_6,1.0,0.3373336936434061,0.0,9.305760307260352
sub-1035_7,1.0,12.641110080141626,0.0,5.545177444479562
sub-1035_8,1.0,7.499071614196201,0.0,5.545177445158209
sub-1035_9,0.04539517186314141,3.2959055902873233,0.30862753212039906,10.746337923927051
sub-1035_10,0.8830690605533648,20.0,0.9139553037449569,6.853243826703667
sub-1034_1,0.6000035030624221,0.18474042788585313,0.0,10.587206715166998
sub-1034_2,0.18315055784735124,0.5595176190500717,0.0,10.512485967873198
sub-1034_3,1.0,20.0,0.782883576530767,8.45642840490897
sub-1034_4,0.014398398016029205,20.0,0.5025143992335002,9.58739025389318
sub-1034_5,1.0,0.287164970090434,0.0,9.326898739582365
sub-1034_6,1.0,0.5927683286763198,0.0,6.858286633595124
sub-1034_7,1.0,11.68661116058127,0.0,4.158883083359675
sub-1034_8,1.0,11.871988093831495,0.0,4.158883083359675
sub-1034_9,0.019269873066251605,13.096052531996529,0.019379279719210052,8.193250039014947
sub-1034_10,1.0,19.410680792919905,0.9928066829115412,9.499296858268188
sub-1020_1,1.0,0.22466546264869464,0.0,10.13841329258112
sub-1020_2,1.0,0.13987253911849631,0.0,10.578417155279308
sub-1020_3,1.0,0.06743666592249882,0.0,10.989781040360205
sub-1020_4,0.5695791963261424,0.20465993687086345,0.0,10.805691880593965
sub-1020_5,0.027594731009740595,20.0,0.0,6.69579541072579
sub-1020_6,0.01995053892633659,20.0,0.0,8.929154618073996
sub-1020_7,0.7473198183357875,0.27589398759922173,0.0,10.061935667848717
sub-1020_8,1.0,0.3984999016124696,0.0,8.30945163800575
sub-1020_9,0.8431335339666254,0.5046924583034641,0.35794264413070204,8.637747546762164
sub-1020_10,1.0,0.5927683187030623,0.0,6.8582866335951245
sub-1008_1,0.1617624895706244,0.1651506802907804,0.0,11.070336719351486
sub-1008_2,0.0021328033876662827,20.0,0.12123298457533759,11.028819205909379
sub-1008_3,1.0,0.3984998918129397,0.0,8.309451638005752
sub-1008_4,1.0,4.859426569862752,1.0,8.31776709946592
sub-1008_5,0.862717005049661,1.3364476281500772,0.21941533916445247,7.81560306704082
sub-1008_6,1.0,8.97451291284451,0.0,6.931471805605539
sub-1008_7,1.0,4.435608598737434,1.0,9.704062190942997
sub-1008_8,1.0,0.026715133487171926,0.0,11.070336719351511
sub-1008_9,1.0,0.3984998889360222,0.0,8.30945163800575
sub-1008_10,1.0,20.0,0.7999125740280859,9.906597377161107
sub-1036_1,1.0,20.0,0.0,5.545177444479562
sub-1036_2,0.8807965106156886,10.629031669869029,1.0,9.704060527839868
sub-1036_3,1.0,11.867191260283173,0.0,6.931471805599456
sub-1036_4,1.0,0.4537423924249765,0.8203456512717908,9.106218724069581
sub-1036_5,0.0137576500126411,20.0,0.719834424733242,9.50373625414893
sub-1036_6,1.0,8.690876221090095,0.0,5.545177444498566
sub-1036_7,1.0,0.026715161367464043,0.0,11.070336719351477
sub-1036_8,1.0,20.0,0.860646395559221,8.976271570073868
sub-1036_9,0.11499938687162672,20.0,0.5378869057640981,7.398693292467541
sub-1036_10,1.0,12.380045928675237,0.0,4.1588830833596715
sub-1022_1,0.0,1e-10,1.0,11.090354888959125
sub-1022_2,0.0,1e-10,1.0,11.090354888959125
sub-1022_3,1.0,0.13987253367514113,0.0,10.476029608543342
sub-1022_4,1.0,10.934193589399802,1.0,9.70406052783924
sub-1022_5,0.17116605227836085,0.5776237559705067,0.07238175842317862,10.892191385564681
sub-1022_6,1.0,0.19216987944922373,0.1345514860449737,10.54738828751659
sub-1022_7,1.0,0.10631248098815098,0.21025633534628707,10.951217078587558
sub-1022_8,1.0,8.664695484991048,1.0,9.704060527844375
sub-1022_9,0.014620500628112505,20.0,1.0,9.894062192045883
sub-1022_10,0.9539430414408115,5.230974957742805,1.0,9.704060843008394
sub-1023_1,0.9993348538096537,8.60176808726817,0.8724392924848633,9.499285434373627
sub-1023_2,1.0,0.09074174991355499,0.0,10.820940492469239
sub-1023_3,0.7348716821793604,0.2805674131828756,0.0,10.061935667848717
sub-1023_4,1.0,20.0,0.889983390336668,6.938634922187487
sub-1023_5,1.0,4.430982182213231,1.0,9.704062214186576
sub-1023_6,1.0,20.0,0.9087872213573785,6.8151853439174355
sub-1023_7,0.3356130009036596,0.4167673652617912,1.0,10.885579795487198
sub-1023_8,0.0,1e-10,0.7591959701041749,11.090354888959125
sub-1023_9,1.0,1.261851610386661,0.27945922680723795,6.606114860281871
sub-1023_10,0.43380650935568943,0.3224306880301073,1.0,10.987967342223161
sub-1037_1,0.006492054924959305,20.0,0.0,9.685602387859097
sub-1037_2,0.0,0.8163895592680367,0.0,11.090354888959125
sub-1037_3,1.0,10.157769663502293,0.0,6.931471805599629
sub-1037_4,1.0,20.0,0.9228190130865294,9.72838858033927
sub-1037_5,0.01647059791720237,20.0,0.0,8.572959125324086
sub-1037_6,0.37974783607911167,0.36833005641897737,1.0,10.885579795487196
sub-1037_7,1.0,20.0,0.952858391913865,7.070127060050442
sub-1037_8,0.0,1e-10,0.9462214362971944,11.090354888959125
sub-1037_9,0.010898714377362383,20.0,0.0,9.793480692877473
sub-1037_10,0.0,1e-10,0.5883199761993827,11.090354888959125
sub-1033_1,0.7237300121003121,0.851584253604097,0.26017711220145556,10.198057598109736
sub-1033_2,0.22716534748855324,0.6157301098049945,1.0,10.885579795487198
sub-1033_3,0.012297313307747913,20.0,0.0,10.229110875939107
sub-1033_4,0.016526358084527595,20.0,0.0,9.331020016692971
sub-1033_5,1.0,20.0,0.7133394639149009,7.4604136951076905
sub-1033_6,1.0,0.1398725344211964,0.0,10.680804702015271
sub-1033_7,0.025529345663904284,20.0,0.0,6.514319679332571
sub-1033_8,0.06795374232799,20.0,0.41072186554928164,7.6299691201554065
sub-1033_9,1.0,20.0,0.9837929286284496,10.22282023326911
sub-1033_10,0.06224224236242974,20.0,0.0,5.791610030090124
sub-1026_1,0.002913120788619994,20.0,0.0,10.960853091285665
sub-1026_2,0.002736279687315686,20.0,0.5762421339462265,10.928423994249302
sub-1026_3,1.0,6.045406278291252,1.0,9.704060541129701
sub-1026_4,0.00472237570830828,20.0,0.0,10.81630069271994
sub-1026_5,0.016847036880583057,20.0,0.0,10.198420927224236
sub-1026_6,0.06201818344478182,0.7202757132945021,0.0,11.056937136374815
sub-1026_7,0.9731415989973476,5.962459104054903,0.03375384754441298,8.31776634571086
sub-1026_8,0.0,1e-10,0.7069252707147101,11.090354888959125
sub-1026_9,0.010097497883723303,20.0,0.0,9.366109656202754
sub-1026_10,1.0,0.15513010289272094,0.7026350714622676,10.95346596139517
sub-1032_1,1.0,20.0,0.7057662880259268,5.448839087464288
sub-1032_2,0.007989038305280572,20.0,0.0,10.002950176161244
sub-1032_3,0.007556633382838345,20.0,0.0,9.066263539866297
sub-1032_4,0.6900549689325185,7.29504041039438,1.0,9.704060804095608
sub-1032_5,0.000821757778330233,14.588591021578603,0.0,11.08128414341165
sub-1032_6,0.24679461986732562,0.3295934281960662,0.0,10.908859088144595
sub-1032_7,1.0,0.5927683284372485,0.0,6.8582866335951245
sub-1032_8,0.8772071490857094,0.24156095861342344,0.0,10.054159822619509
sub-1032_9,1.0,0.40249061132967634,0.10607704291590864,9.25043421449519
sub-1032_10,1.0,0.20618105093940045,0.0,10.061935667848717
sub-1024_1,1.0,12.044604417635025,0.0,5.545177444479563
sub-1024_2,1.0,8.766777816662643,0.0,6.931471805610804
sub-1024_3,1.0,9.856040597270994,0.0,5.545177444480139
sub-1024_4,1.0,17.085158576267432,0.0,4.1588830833596715
sub-1024_5,0.021181353981316486,20.0,0.0,6.19177159691826
sub-1024_6,1.0,18.232009163471485,0.0,5.545177444479562
sub-1024_7,1.0,13.943549038664644,0.07055871441328487,5.545177444479562
sub-1024_8,1.0,15.100572330962441,0.0,4.1588830833596715
sub-1024_9,1.0,0.592768329982885,0.0,6.8582866335951245
sub-1024_10,1.0,13.759232177790858,0.0,2.772588722239781
sub-1030_1,1.0,0.4967702208189263,0.11669005680346495,8.182279530321534
sub-1030_2,0.0,0.43181529795879764,1.0,11.090354888959125
sub-1030_3,1.0,20.0,0.7831035577737171,8.295823796377524
sub-1030_4,1.0,0.22466546259129216,0.0,10.13841329258112
sub-1030_5,0.010185137376441071,20.0,0.0,9.714132138211642
sub-1030_6,0.5926688264120462,0.9515799596864744,0.5427545929676535,10.093266472000863
sub-1030_7,0.012084516241395657,20.0,0.8553452404854573,9.85971494463595
sub-1030_8,0.3574802721116766,20.0,0.8812313875492569,8.309999300915186
sub-1030_9,1.0,20.0,0.848279166222118,8.890605095745318
sub-1030_10,1.0,0.28716497564003174,0.0,9.326898739582365
sub-1018_1,0.10174117872957626,20.0,0.7002206697351927,8.16267894634127
sub-1018_2,0.5069776376443799,10.222756391078036,1.0,9.704060704660472
sub-1018_3,0.0,1e-10,0.8819184114362855,11.090354888959125
sub-1018_4,0.0009494307047339198,20.0,0.0,11.07614059644405
sub-1018_5,0.003323253042210009,20.0,0.0,10.754018374126877
sub-1018_6,1.0,0.39849990181839445,0.0,8.30945163800575
sub-1018_7,0.0,1e-10,1.0,11.090354888959125
sub-1018_8,0.0,0.1465779245808549,0.8215699611516109,11.090354888959125
sub-1018_9,1.0,0.19435665022991003,0.0,9.976394586384387
sub-1018_10,0.0,1e-10,0.38086837399879414,11.090354888959125
sub-1019_1,1.0,0.2871649766876828,0.0,9.326898739582365
sub-1019_2,1.0,0.08134188449224779,0.0,10.908859088144595
sub-1019_3,0.025390847846952322,20.0,0.0,8.10193799830433
sub-1019_4,1.0,0.22466546175335927,0.0,10.13841329258112
sub-1019_5,0.30344879930853125,0.26805802347456986,0.0,10.908859088144593
sub-1019_6,1.0,8.804095114565248,0.0,5.545177444493095
sub-1019_7,1.0,0.19435665036283875,0.0,9.976394586384387
sub-1019_8,1.0,4.15501336490551,0.9663246608862078,9.601660822037603
sub-1019_9,1.0,0.3373336895788899,0.0,8.413463016410965
sub-1019_10,1.0,0.13987253907267172,0.0,10.783192248751233
sub-1025_1,0.0,1e-10,0.8426165728648156,11.090354888959125
sub-1025_2,0.016207071402654382,20.0,0.587294970651801,10.222820233269138
sub-1025_3,0.22739827873468244,0.6150993965968393,0.0,10.783192248751233
sub-1025_4,0.0,1e-10,1.0,11.090354888959125
sub-1025_5,0.0,0.4602909152806707,0.5137440108568223,11.090354888959125
sub-1025_6,1.0,12.379889242912222,0.0,4.158883083359672
sub-1025_7,0.5428677701761355,0.2576548936812708,1.0,10.885579795487196
sub-1025_8,0.0,1e-10,1.0,11.090354888959125
sub-1025_9,0.828852430317199,0.4069888467280791,0.6492859396318892,10.198057598109738
sub-1025_10,0.5182416681094777,0.9224340954567583,0.5897359757801072,10.676377898981489
sub-1028_1,1.0,20.0,0.7022207100869201,6.84034448901522
sub-1028_2,1.0,0.20618104340597412,0.0,10.061935667848717
sub-1028_3,0.16369786312806117,3.621112196489398,0.0,6.858286633595119
sub-1028_4,0.007527205387208666,20.0,0.0,10.242553532488976
sub-1028_5,0.30386014046713195,20.0,0.7970766576459727,6.003043847370211
sub-1028_6,0.26793952712155383,20.0,1.0,9.70406063209991
sub-1028_7,0.49725917432308014,0.518208507442621,0.5297259678036986,10.710231233153731
sub-1028_8,0.4999761849012261,0.3034987885581047,0.021077960892250086,9.978871641632413
sub-1028_9,0.3895856502387409,0.5125445187613132,0.2995164849303986,10.68080470201527
sub-1028_10,1.0,0.20618104549162058,0.0,10.061935667848717
sub-1014_1,1.0,0.4960008571914223,0.2945544591523588,9.018711029524193
sub-1014_2,0.0,1e-10,1.0,11.090354888959125
sub-1014_3,0.01000970149625759,20.0,0.0,9.285724390388555
sub-1014_4,0.017752166526480748,20.0,0.22841054949588802,9.623005174902191
sub-1014_5,0.31170200514622437,1.439637758285109,0.0,9.06573204047234
sub-1014_6,1.0,0.39849989766660737,0.0,8.30945163800575
sub-1014_7,1.0,20.0,0.9117296580047781,8.216333936023677
sub-1014_8,1.0,0.22466546711334684,0.0,10.13841329258112
sub-1014_9,0.32007611965968297,0.8056630400769834,0.0,10.195654018736827
sub-1014_10,0.018616899067829897,20.0,0.0,8.047983328959473
sub-1015_1,0.016629048401001427,20.0,0.0,7.680869508171719
sub-1015_2,1.0,2.514489210113156,0.6302422760565769,7.325165432067139
sub-1015_3,0.024176684380479697,20.0,0.0,7.846697512920787
sub-1015_4,1.0,19.984383747994915,0.9930005509631105,9.601672981351085
sub-1015_5,1.0,20.0,0.577400316141592,7.073303691825386
sub-1015_6,1.0,20.0,0.0,6.931471805599453
sub-1015_7,0.32095977100299816,20.0,0.7275371433959722,6.730086112958614
sub-1015_8,1.0,0.9881581208839827,0.3672768986397969,8.06885142182214
sub-1015_9,1.0,20.0,0.5632631105248705,5.815640193726548
sub-1015_10,1.0,0.5927683201439925,0.0,6.8582866335951245
sub-1029_1,0.0886990007514691,20.0,0.3152348511546409,5.454088860094553
sub-1029_2,0.003244919188387724,20.0,0.0,10.446437379559773
sub-1029_3,0.019324356552433197,20.0,0.01830712233321518,8.045985084244686
sub-1029_4,1.0,2.311908739119363,0.3528324740081101,6.350885611486548
sub-1029_5,1.0,20.0,0.8977637803610529,6.93694601175321
sub-1029_6,0.6745581812083709,0.397419904910295,1.0,9.21735688890507
sub-1029_7,0.011225216330060161,20.0,0.1918916403064472,9.852242859823683
sub-1029_8,0.08869857273085195,20.0,0.0,6.8403827609690335
sub-1029_9,1.0,20.0,0.8700446945367631,8.812175186231519
sub-1029_10,0.18477965240943825,17.74136086860513,0.9764084186740712,9.601475407177668
sub-1017_1,0.23774117272620204,1.365970555833424,0.0,8.968480116730495
sub-1017_2,0.0,1e-10,0.6672146953816205,11.090354888959125
sub-1017_3,0.005073812942432704,20.0,0.0,10.722633739426374
sub-1017_4,1.0,20.0,0.9835988912388194,10.215135007948941
sub-1017_5,0.9296971127120962,3.17405895660377,0.8280773521071784,9.702902727824362
sub-1017_6,1.0,0.08134187982574519,0.0,10.908859088144593
sub-1017_7,0.414641526726562,0.8135549703473804,0.0,9.203372760524392
sub-1017_8,0.00797591278457461,20.0,0.11307267993342292,10.302614388138178
sub-1017_9,1.0,5.413601170738174,0.9376948734293875,7.425469060921529
sub-1017_10,0.2643424349347541,2.001697844081406,0.0,7.9381130412085
sub-1016_1,1.0,14.495095031824263,0.0,4.1588830833596715
sub-1016_2,0.33551836233364574,0.24243647778151814,0.0,10.908859088144595
sub-1016_3,0.06759324041940058,5.895558601405317,0.0,8.309451638005738
sub-1016_4,0.5642308805436161,0.4570354309905538,0.0,10.195654018736827
sub-1016_5,0.6252796939759889,0.8462351147172448,0.0,8.040500587944445
sub-1016_6,1.0,0.13987253692014429,0.0,10.578417155279306
sub-1016_7,1.0,0.13987253459883583,0.0,10.578417155279306
sub-1016_8,0.62753915777447,0.8431882618545908,0.0,8.040500587944443
sub-1016_9,1.0,9.007297631845919,0.0,5.545177444486916
sub-1016_10,1.0,0.4487379715582381,0.0,9.168119587208304
sub-1012_1,1.0,9.847403550297372,1.0,8.31776616671964
sub-1012_2,0.25598933005299424,0.5463998955590611,0.0,10.578417155279306
sub-1012_3,1.0,0.592768323073097,0.0,6.8582866335951245
sub-1012_4,0.016482207108080543,20.0,0.0,9.339353198766236
sub-1012_5,0.01530990926111201,20.0,1.0,9.037690789406232
sub-1012_6,0.7604376627610003,0.44360467012392807,1.0,10.198057598109738
sub-1012_7,1.0,0.13987254336923585,0.0,10.783192248751233
sub-1012_8,0.00695766793877159,20.0,0.0,10.784657354568834
sub-1012_9,1.0,0.39849989750633014,0.0,8.30945163800575
sub-1012_10,1.0,5.42362941167085,0.8394081904825011,9.499285520216976
sub-1006_1,0.0,1e-10,0.418754628780833,11.090354888959125
sub-1006_2,0.009964924506226734,20.0,0.1467663208432937,9.886579194921216
sub-1006_3,0.8092557700788525,20.0,1.0,9.704060527839234
sub-1006_4,0.01580055928504323,20.0,0.0,10.238478168124715
sub-1006_5,1.0,0.22466546305864132,0.0,10.13841329258112
sub-1006_6,0.008026123638907617,20.0,0.0,9.999102927677304
sub-1006_7,0.0,1e-10,1.0,11.090354888959125
sub-1006_8,0.0,1e-10,1.0,11.090354888959125
sub-1006_9,1.0,0.1398725448662126,0.0,10.578417155279304
sub-1006_10,0.0,1e-10,1.0,11.090354888959125
sub-1007_1,1.0,20.0,0.6207216291811597,5.731536778027032
sub-1007_2,1.0,6.262381799125249,0.616637178600011,8.317766180582955
sub-1007_3,0.055022367482809066,20.0,0.0,5.73329642324171
sub-1007_4,0.025529345010143267,20.0,0.0,6.514319679332572
sub-1007_5,0.1319574809950093,2.5282239963714703,0.5906035440926314,9.902712861194805
sub-1007_6,0.17451592555492132,0.801488699217673,0.0,10.68080470201527
sub-1007_7,1.0,0.2871649748140114,0.0,9.326898739582365
sub-1007_8,1.0,0.33733369501965804,0.1364673030319539,9.203372760524388
sub-1007_9,1.0,20.0,0.5626804963480856,8.21538901175609
sub-1007_10,1.0,8.775589982297868,0.0,6.931471805610508
sub-1013_1,1.0,20.0,0.7828835762128643,8.456428404908978
sub-1013_2,1.0,5.253278406188086,0.0,6.931472234850946
sub-1013_3,0.0886724943930427,20.0,1.0,8.226638832734432
sub-1013_4,1.0,13.473452714825802,0.0,4.1588830833596715
sub-1013_5,0.05532233905833367,1e-10,0.0,11.090354888959123
sub-1013_6,0.0914253817288613,5.652250973041002,0.22651586862282105,9.075526129983798
sub-1013_7,0.0035463654187773566,20.0,0.03098693830596222,10.396370405441008
sub-1013_8,1.0,6.8997551274831554,1.0,9.704060528863524
sub-1013_9,0.011946305573745278,20.0,0.11126818372428303,9.145783828193265
sub-1013_10,1.0,20.0,0.9622054072335001,8.55525954539138
sub-1005_1,0.00430236501889825,20.0,0.2283224343997893,11.035314467440289
sub-1005_2,1.0,20.0,0.917149900325139,9.421744753899123
sub-1005_3,0.03349088294955402,20.0,0.18856258442797183,7.571089654956429
sub-1005_4,0.0,1e-10,1.0,11.090354888959125
sub-1005_5,0.012802250544427013,20.0,0.0,10.200667328847263
sub-1005_6,1.0,20.0,0.8270143638055323,8.617594228782673
sub-1005_7,1.0,1.1300942815793806,0.557624863272685,8.645847608244061
sub-1005_8,0.014620500947213611,20.0,0.0,9.894062192045885
sub-1005_9,0.49406219146512326,0.8065784061783152,0.0,8.30945163800575
sub-1005_10,1.0,20.0,0.783104674202876,8.27387696712052
sub-1039_1,0.00798903868959026,20.0,0.0,10.002950176161225
sub-1039_2,0.012598405992656063,20.0,0.0,8.343199449610774
sub-1039_3,1.0,17.45907151292679,0.0,4.1588830833596715
sub-1039_4,0.015650777191484947,20.0,0.0,7.382049664966868
sub-1039_5,0.048980832986687345,20.0,0.0,7.316296791328249
sub-1039_6,1.0,20.0,0.7057662250467528,5.448839130515437
sub-1039_7,0.015569397662842167,20.0,0.27566829993546615,9.005197775241504
sub-1039_8,0.021655130392752516,20.0,0.0,6.089284253435435
sub-1039_9,1.0,0.3984998962870689,0.0,8.30945163800575
sub-1039_10,1.0,17.15809544379044,0.0,4.1588830833596715
sub-1038_1,1.0,0.3984998909032477,0.0,8.30945163800575
sub-1038_2,0.680702245329542,0.6592280067506494,0.0,9.168119587208302
sub-1038_3,1.0,20.0,0.7403350943924192,8.83030486861556
sub-1038_4,1.0,18.331065426030513,0.9923754093680557,9.49929831907283
sub-1038_5,1.0,0.5291336610099087,0.0,8.040500587944445
sub-1038_6,0.025529344036354026,20.0,0.0,6.514319679332581
sub-1038_7,1.0,13.656192473623689,0.0,4.1588830833596715
sub-1038_8,1.0,0.4487379788912701,0.0,9.168119587208302
sub-1038_9,1.0,19.49117155342124,0.0,6.931471805599453
sub-1038_10,1.0,0.026715167383263017,0.0,11.070336719351477
sub-1010_1,0.570359092073176,0.786763964015951,0.0,9.168119587208302
sub-1010_2,0.02097627394195474,20.0,0.5579648014578001,9.373569519493417
sub-1010_3,1.0,0.3373336993538792,1.0,9.305760307260352
sub-1010_4,0.5438906597893224,0.9452797278552978,0.2444507848699163,8.095737692459624
sub-1010_5,1.0,20.0,0.7916400752442092,6.819399730397914
sub-1010_6,1.0,0.28716498004026253,0.0,9.326898739582363
sub-1010_7,1.0,20.0,1.0,9.704060527839234
sub-1010_8,0.0022234641436740194,20.0,0.0,11.05708617605078
sub-1010_9,0.4430947812827197,0.30034521095705713,0.17748259361558003,10.947121897735439
sub-1010_10,1.0,0.15436789478689542,0.05196772841893785,10.567423083657479
sub-1004_1,0.09034817646647933,20.0,0.0,5.458740925506164
sub-1004_2,1.0,12.95184790667131,1.0,9.704060527839234
sub-1004_3,0.9973469789868388,5.09287922063239,0.0,8.317766648895743
sub-1004_4,1.0,20.0,0.6317201917826364,7.524112200219882
sub-1004_5,1.0,20.0,0.9182329441230471,8.219591409383186
sub-1004_6,0.053073224789225375,20.0,0.5295883032883808,7.6528917052339205
sub-1004_7,1.0,0.3007810024279577,0.03750480512831601,9.320422972496049
sub-1004_8,1.0,10.201358927177804,0.0,6.931471805599608
sub-1004_9,1.0,0.0674366641401803,0.0,10.989781040360205
sub-1004_10,0.012084516224013126,20.0,0.0,9.85971494463592
sub-2026_1,1.0,1.9783581448649075,0.9238177753643038,9.48658923879657
sub-2026_2,0.021119856895153985,20.0,0.252015971664972,7.514041156120357
sub-2026_3,0.8245827797092202,0.409096216285363,0.0,9.305760307260352
sub-2026_4,0.08449711397096861,20.0,0.7105094745205127,7.448370317165571
sub-2026_5,0.007893703492918978,20.0,0.0,9.89850134832448
sub-2026_6,0.03723259344438586,20.0,1.0,9.946297628800119
sub-2026_7,0.0,0.13055024211589325,0.7656034015097828,11.090354888959125
sub-2026_8,0.0372771516338214,20.0,0.0,7.666422100983086
sub-2026_9,1.0,0.20618104304567955,0.0,10.061935667848719
sub-2026_10,1.0,10.677347934233833,0.0,4.158883083359734
sub-2027_1,0.0,1e-10,1.0,11.090354888959125
sub-2027_2,1.0,20.0,0.9977963247875516,11.05738016426399
sub-2027_3,0.017116508726612856,20.0,0.0,7.807240154226106
sub-2027_4,1.0,20.0,0.8270242673522339,8.617563145041935
sub-2027_5,1.0,20.0,0.6686409960222788,5.609877187567918
sub-2027_6,1.0,0.28716497209903064,0.0,9.326898739582365
sub-2027_7,0.0,1e-10,1.0,11.090354888959125
sub-2027_8,0.0,1e-10,0.7677592276378766,11.090354888959125
sub-2027_9,0.21219185835259427,0.17215527663205696,0.6910456013243573,11.014404185337659
sub-2027_10,0.010432471922849577,20.0,0.10077595911371492,9.544673649492717
sub-2033_1,0.0,1e-10,0.8929601554125817,11.090354888959125
sub-2033_2,0.2602670892320451,0.5374192348411884,1.0,10.885579795487198
sub-2033_3,1.0,0.1398725364238147,1.0,10.885579795487198
sub-2033_4,1.0,0.22093263061935378,0.048509406208807906,10.055893152047636
sub-2033_5,1.0,0.08134188300540576,0.0,10.908859088144593
sub-2033_6,1.0,0.13987254047735911,0.0,10.578417155279304
sub-2033_7,0.003102305284179367,20.0,0.0,10.861960367656378
sub-2033_8,0.00288594269343645,20.0,0.0,10.961968505708578
sub-2033_9,0.1005483840440907,20.0,0.4906960833816883,5.640173081133452
sub-2033_10,0.0,1e-10,0.28798572073439965,11.090354888959125
sub-2025_1,1.0,4.87884391627565,0.0,8.317767046683775
sub-2025_2,0.020778924438059235,20.0,0.3071716335409627,9.23928192588429
sub-2025_3,0.001340156347806667,20.0,1.0,11.07032526349945
sub-2025_4,1.0,19.999999999999996,0.7435439164906615,6.039174930354318
sub-2025_5,0.0,0.40335665158344447,0.9959808088324181,11.090354888959125
sub-2025_6,0.01550832339033185,20.0,0.9664192630214359,9.007292322845991
sub-2025_7,1.0,20.0,0.7207738883451821,10.278521303753507
sub-2025_8,1.0,0.39953357442763066,0.5112498899829099,9.737693883538492
sub-2025_9,1.0,4.443400990960078,1.0,9.704062152515212
sub-2025_10,1.0,13.432478197982409,0.0,5.545177444479562
sub-2031_1,1.0,20.0,0.9174778036193919,9.524085865190237
sub-2031_2,1.0,0.1398725339609897,0.0,10.885579795487198
sub-2031_3,1.0,20.0,0.9566330150070517,9.861297832888614
sub-2031_4,0.4413791078039749,0.316898874374653,1.0,10.885579795487198
sub-2031_5,0.0,1e-10,1.0,11.090354888959125
sub-2031_6,0.50069521677699,1e-10,1.0,11.090354888959125
sub-2031_7,1.0,0.448737986439024,1.0,9.168119587208304
sub-2031_8,1.0,0.08134188858046296,0.0,10.908859088144593
sub-2031_9,1.0,20.0,0.993060157033011,10.887041202529298
sub-2031_10,0.264132183867528,20.0,1.0,9.704060658857253
sub-2019_1,0.2611186979150633,0.9875719274328664,1.0,10.195654018736827
sub-2019_2,0.004509527503674837,20.0,0.0,10.519037823014813
sub-2019_3,1.0,20.0,0.9150446681204599,8.12088626090323
sub-2019_4,0.0,1e-10,1.0,11.090354888959125
sub-2019_5,1.0,0.28716497957097664,0.0,9.326898739582363
sub-2019_6,1.0,20.0,0.9933141224570774,8.219591229548808
sub-2019_7,1.0,20.0,0.9367232323666248,9.75601227886566
sub-2019_8,1.0,20.0,0.9784483255233769,9.212151797901221
sub-2019_9,0.012628938409063843,20.0,0.0,10.21036782412112
sub-2019_10,0.0,1e-10,1.0,11.090354888959125
sub-2018_1,1.0,0.33733370049613287,0.0,9.305760307260352
sub-2018_2,0.3157424966348478,16.432425575159275,0.5796315177737018,6.829084641936038
sub-2018_3,1.0,20.0,0.6109832450166998,5.479421895340408
sub-2018_4,1.0,17.14849024556781,0.0,2.772588722239781
sub-2018_5,1.0,0.5927683204205371,0.0,6.858286633595125
sub-2018_6,1.0,20.0,0.6395068692601479,7.425880825111613
sub-2018_7,1.0,0.4487379782524371,0.0,9.168119587208302
sub-2018_8,1.0,0.04467018640307031,0.060674548943544626,11.056937136374815
sub-2018_9,0.0,0.14550436380864096,1.0,11.090354888959125
sub-2018_10,1.0,0.22466546028766762,0.0,10.13841329258112
sub-2030_1,0.0,1e-10,1.0,11.090354888959125
sub-2030_2,0.40592173079285965,0.8401664576083947,0.005451341965377762,10.095670051373775
sub-2030_3,0.0007418003722741384,20.0,0.0,11.068151987162091
sub-2030_4,0.0,1e-10,1.0,11.090354888959125
sub-2030_5,1.0,20.0,0.9931129866638371,10.888480114015396
sub-2030_6,1.0,20.0,0.9342487502834483,9.749364789214793
sub-2030_7,0.0,1e-10,1.0,11.090354888959125
sub-2030_8,1.0,20.0,0.9934076899841703,9.607186053305004
sub-2030_9,0.0,1e-10,1.0,11.090354888959125
sub-2030_10,0.0,1e-10,1.0,11.090354888959125
sub-2024_1,0.010898713652985644,20.0,0.0,9.793480692877448
sub-2024_2,0.8315466839849049,0.47922732995753176,0.0,8.30945163800575
sub-2024_3,0.006235960267405728,20.0,0.07788196134435989,10.711623207816686
sub-2024_4,0.0,1e-10,0.24358956875121587,11.090354888959125
sub-2024_5,0.012084516258053634,20.0,0.0,9.859714944635952
sub-2024_6,1.0,0.1664334488085721,0.3660456542126766,10.763746409174773
sub-2024_7,0.012084516174962414,20.0,0.0,9.859714944635936
sub-2024_8,0.017814447278587144,20.0,0.0,8.662690093157405
sub-2024_9,0.04014300558963476,20.0,0.18093569242748556,6.579656633800034
sub-2024_10,0.2800766966509366,0.6455732069178571,0.5025582389522613,10.60044480926089
sub-2020_1,0.8738133423783346,0.6055454052958786,0.0,8.040500587944443
sub-2020_2,1.0,4.436047862828382,1.0,9.704062188752813
sub-2020_3,0.015622366846676896,20.0,0.0,10.245746204504421
sub-2020_4,0.006152775412103613,20.0,0.0,10.999590425552107
sub-2020_5,1.0,0.08134188168486102,0.0,10.908859088144593
sub-2020_6,1.0,6.167940591609293,1.0,9.704060537041448
sub-2020_7,1.0,0.22405313066816002,0.14982467408890443,10.404712506782829
sub-2020_8,0.5075761655453501,0.1602555224244549,0.0,10.908859088144592
sub-2020_9,0.0,1e-10,1.0,11.090354888959125
sub-2020_10,0.01363630636085932,20.0,0.0,9.004697519082164
sub-2034_1,1.0,20.0,0.9553535671778017,7.261979162144481
sub-2034_2,1.0,10.963953393158022,0.0,5.545177444479584
sub-2034_3,1.0,9.49440030607208,0.0,6.931471805600732
sub-2034_4,1.0,0.6878297568307027,0.4710100045212012,9.095481690033766
sub-2034_5,0.045440495158849604,20.0,0.0,5.881199497349715
sub-2034_6,0.027538519831055715,20.0,0.0,6.729763395910351
sub-2034_7,0.6268802253198765,0.7158272915593009,1.0,9.168119587208304
sub-2034_8,0.01852470010212931,20.0,0.4037266338266268,9.338160868722348
sub-2034_9,1.0,12.720422847940998,0.0,4.1588830833596715
sub-2034_10,0.98986769342733,7.192186837646214,1.0,8.31776616777956
sub-2021_1,0.0,1e-10,1.0,11.090354888959125
sub-2021_2,0.022378081431478656,20.0,0.006599304044434898,9.18212003921132
sub-2021_3,0.016631207272123694,20.0,0.0,10.206649664021038
sub-2021_4,1.0,0.22136380443319884,0.2857582398561278,10.51470289931377
sub-2021_5,1.0,6.476053174524666,0.7061913476843709,8.201410997672152
sub-2021_6,1.0,0.06743666414646389,0.0,10.989781040360205
sub-2021_7,0.8204862926892412,0.4792295589664133,0.0,8.268191364628215
sub-2021_8,0.7219202419431778,6.87879300129793,1.0,9.70406086665154
sub-2021_9,0.31075393011463687,0.642979225512482,1.0,11.090354888959125
sub-2021_10,1.0,0.39849989455463053,0.0,8.30945163800575
sub-2009_1,1.0,0.08134188100365666,0.0,10.908859088144595
sub-2009_2,0.0018325093729762976,20.0,0.0,11.008387777251777
sub-2009_3,0.0,1e-10,0.7224331766880995,11.090354888959125
sub-2009_4,1.0,0.1398725370254804,0.0,10.578417155279308
sub-2009_5,0.013636306996028889,20.0,0.0,9.004697519082217
sub-2009_6,1.0,20.0,0.9522931234374105,8.453254943130124
sub-2009_7,1.0,20.0,0.9833687893066395,8.820355302266218
sub-2009_8,0.007989039484252324,20.0,0.0,10.546652532560186
sub-2009_9,0.39674716488663314,0.7308421051519765,1.0,11.090354888959125
sub-2009_10,1.0,0.0813418839251504,0.0,10.908859088144593
sub-2037_1,0.0,1e-10,1.0,11.090354888959125
sub-2037_2,0.3313612034229071,0.422115007596018,1.0,10.885579795487196
sub-2037_3,1.0,0.13987254552024744,0.0,10.680804702015271
sub-2037_4,0.01562629473633743,20.0,0.7744603182127077,8.905753228100657
sub-2037_5,0.47020717875584284,0.7174150312086158,0.0,9.305760307260352
sub-2037_6,0.011558366939019422,20.0,0.0,9.51902261942275
sub-2037_7,1.0,4.67487531214683,1.0,8.317767789323248
sub-2037_8,0.7259306625928044,0.09930757624477243,0.0,10.889733727193983
sub-2037_9,1.0,4.430872032915813,1.0,9.70406221474392
sub-2037_10,0.5074604555033867,0.6647487402344464,1.0,10.198057598109738
sub-2023_1,1.0,20.0,0.9152476985992584,9.403314048246035
sub-2023_2,0.01713007234920797,20.0,0.0,7.20643680215453
sub-2023_3,0.012381559962084137,20.0,0.0,8.540817010244679
sub-2023_4,1.0,1.1223412881977821,0.30393133768673625,6.735489857785072
sub-2023_5,1.0,0.2651431669635335,0.16808228739827077,10.030438961746345
sub-2023_6,1.0,0.48973323788497625,0.08728105855786061,8.276709234085459
sub-2023_7,0.0303427150401997,20.0,0.31593249670816,8.728376665134562
sub-2023_8,0.6665731014656872,0.23191182675285002,0.0,9.951458371533075
sub-2023_9,0.0794767516861192,20.0,0.09283234611235835,8.784423809345723
sub-2023_10,1.0,0.3984998970830716,0.0,8.30945163800575
sub-2022_1,0.014620501196360847,20.0,1.0,9.894062192045919
sub-2022_2,0.7562682767218469,0.29388307364338084,1.0,11.090354888959125
sub-2022_3,0.2802620953516866,20.0,1.0,8.317766266272061
sub-2022_4,0.0,1e-10,1.0,11.090354888959125
sub-2022_5,0.0,1e-10,1.0,11.090354888959125
sub-2022_6,1.0,0.1398725299955361,1.0,10.783192248751234
sub-2022_7,0.0,1e-10,0.012099503286937596,11.090354888959125
sub-2022_8,0.006165155544633442,11.146036848196715,0.0,10.887469074546157
sub-2022_9,1.0,0.13987253774691288,0.0,10.578417155279306
sub-2022_10,1.0,20.0,0.9358251009242514,11.036670568446567
sub-2036_1,0.0,1e-10,1.0,11.090354888959125
sub-2036_2,0.003421214721715285,20.0,0.0,10.888168767595218
sub-2036_3,1.0,0.5291336552628328,0.0,8.040500587944445
sub-2036_4,0.0,1e-10,1.0,11.090354888959125
sub-2036_5,0.0,1e-10,1.0,11.090354888959125
sub-2036_6,0.16375724356438068,2.059961952978322,0.0,10.198057598109736
sub-2036_7,0.0,1e-10,1.0,11.090354888959125
sub-2036_8,0.008125371738353638,20.0,0.0,9.555578692331299
sub-2036_9,1.0,20.0,0.9931657470400926,10.88991601591127
sub-2036_10,0.21233848385147402,0.6587244451739928,1.0,10.987967342223161
