Subject,a_gain,a_loss,beta,decay,llh
sub-1009_1,1.0,0.0,0.22466546350241462,0.0,14.29729637594079
sub-1009_2,0.0023575058945979072,0.47467437600945417,20.0,0.0,14.872171661300092
sub-1009_3,0.008770890829779467,0.0,20.0,0.3220396172953295,14.908321579617231
sub-1009_4,0.0,0.003119248499678047,20.0,0.0,14.885243302972164
sub-1009_5,1.0,0.0,0.3007104249734501,0.2489776935572158,14.203397768840766
sub-1009_6,0.0,0.012084515205164294,20.0,0.0,12.787958083672457
sub-1009_7,0.007318263371924125,1.7419767522012397e-05,20.0,0.0,13.211340307475899
sub-1009_8,1.0,0.5210552619989534,0.2269390542971029,0.0,13.721882820927803
sub-1009_9,1.0,0.0,0.08134188505480955,0.0,15.067742171504266
sub-1009_10,0.002745321799884467,0.00546560735675876,20.0,0.0,14.65494669006874
sub-1021_1,0.012339727887606603,0.003327694043956539,20.0,0.0,13.858188550532189
sub-1021_2,1.0,0.007386260068641592,20.0,0.7390048288792226,12.408664894192786
sub-1021_3,0.0,1.0,20.0,0.9134266354280015,12.380310977966607
sub-1021_4,0.01450166563889186,1.0,20.0,0.9930837369995307,13.852412152162103
sub-1021_5,0.002951379390296531,1.0,20.0,0.7176000119586912,12.918852854091012
sub-1021_6,0.010710552966494258,0.012084514721403341,20.0,0.0,12.292366617462756
sub-1021_7,0.0,0.017814444945373903,20.0,0.0,12.821573176517067
sub-1021_8,1.0,0.6863870261614151,20.0,0.8574680438750093,7.469560306926365
sub-1021_9,1.0,0.2478601343691568,20.0,0.7892983719906672,10.01533911708791
sub-1021_10,0.0,1.0,20.0,0.9566330172114249,12.633886555128425
sub-1035_1,1.0,0.0,0.8422580480475449,0.6837402644231859,14.225658568117506
sub-1035_2,0.002144728144971167,1.0,20.0,0.5286036149433156,13.71035794079042
sub-1035_3,1.0,1.0,0.4494107609986688,0.25202132616469336,12.332331056233274
sub-1035_4,0.0,1.0,0.22466545883581598,0.0,14.297296375940789
sub-1035_5,0.0038843213411063953,0.0,20.0,0.0,14.14562520652209
sub-1035_6,0.0995953987678074,1.0,1.973508562436767,0.0,9.575708175447096
sub-1035_7,0.008138614074753876,0.04488479063384205,20.0,0.16462072772912692,13.514086064763516
sub-1035_8,0.006993628298922782,1.0,20.0,0.6258389027914628,7.426621102491283
sub-1035_9,0.0,0.010898714262733781,20.0,1.0,13.952363776237082
sub-1035_10,1.0,0.9435547411570915,0.18006724203341037,0.0,13.951126587370386
sub-1034_1,0.0,1.0,15.9409748775038,0.6939716987655581,12.271874626792911
sub-1034_2,0.00781971335534056,1.0,20.0,0.44070176559548635,11.77062103383441
sub-1034_3,1.0,1.0,13.300087303588876,0.0,4.1588830833596715
sub-1034_4,0.007711634239154582,0.020727019648468622,20.0,0.0,13.226602888835243
sub-1034_5,0.6613603300159289,1.0,0.3985340748877663,0.0,11.493896886248999
sub-1034_6,0.011057544090360907,0.0013401583681242552,20.0,0.0,12.114537657016303
sub-1034_7,1.0,0.021163715394837735,20.0,0.0,9.78672219184224
sub-1034_8,0.007624028525092018,1.0,20.0,0.0,8.957996792247465
sub-1034_9,0.01372947202864656,0.11056317288054451,20.0,0.23826827110737833,12.635429253234154
sub-1034_10,0.0,0.46553174239604095,1.227615702107855,0.25076475920620744,12.371928781796228
sub-1020_1,0.008118332511433495,0.028161139063229364,20.0,0.0,11.914676625529626
sub-1020_2,0.005234704926040885,0.023179656293511413,20.0,0.06125691467488163,12.262342213859883
sub-1020_3,0.12898141175559152,1.0,15.307052824759973,0.0,4.1588830833596715
sub-1020_4,0.018422951688019294,1.0,20.0,0.6696746160675481,11.075273279706593
sub-1020_5,0.0,0.023519892859491277,20.0,0.0,10.471192270957527
sub-1020_6,1.0,1.0,20.0,0.44786070805065664,8.59041389489726
sub-1020_7,1.0,0.23327362865351775,20.0,0.5130852910726066,8.290653336572356
sub-1020_8,0.0015640442065406367,0.005023533040140453,20.0,0.0,14.842933860884973
sub-1020_9,0.01391935057694224,1.0,20.0,0.5354495498617938,9.300227135909216
sub-1020_10,0.001994702213378174,1.0,20.0,0.6617321507140433,12.45416072517778
sub-1008_1,0.0,0.0011095210384385482,18.64001852113843,0.23147563838752327,15.22805865824361
sub-1008_2,0.029779106537501945,1.0,2.397406279068538,0.0,10.637117608357778
sub-1008_3,0.519193918045668,0.0,1.0191445309486868,1.0,12.199383671304115
sub-1008_4,0.0,1.0,20.0,0.0,11.090354888959125
sub-1008_5,0.697689873036047,0.06258814818799022,20.0,0.8174102893472445,8.676171979880039
sub-1008_6,0.0,0.0019357055361314904,20.0,0.0,14.828591864710589
sub-1008_7,0.2926792792684453,1.0,0.33733369433852334,0.0,12.469958553034674
sub-1008_8,0.016128301652318076,0.012836825039616504,20.0,0.12489299922981528,12.995363525946935
sub-1008_9,0.0004850979475389546,1.0,20.0,0.7039205736180839,12.174223395173211
sub-1008_10,0.006771881199848344,1.0,20.0,0.6740294724788071,12.459242890025575
sub-1036_1,1.0,0.0,5.575816372546942,0.9395006054855555,10.198057761220603
sub-1036_2,1.0,0.570484364129284,15.928350758654561,0.0,5.545177444479562
sub-1036_3,1.0,0.0,13.463490623949108,0.0,6.931471805599453
sub-1036_4,1.0,0.0,11.223488277749416,0.0,9.704060527839244
sub-1036_5,1.0,0.01602511287552789,20.0,0.34394269620752727,8.104670405519856
sub-1036_6,1.0,0.016856659246246915,20.0,0.6066457687394837,7.426486110031636
sub-1036_7,0.12138120783483539,0.5229041875989479,20.0,0.42187749912930883,7.038531461110063
sub-1036_8,1.0,0.01458838446288742,20.0,0.7418700131027276,10.129347748241468
sub-1036_9,0.02788047045585253,0.0056900412823540645,20.0,0.02781687755059148,10.16599623713362
sub-1036_10,1.0,0.0,7.959265102041909,0.0,11.090354889087102
sub-1022_1,0.0,1.0,20.0,0.514611005933197,11.176677989386333
sub-1022_2,0.0070575981046866795,0.0015584303632323595,20.0,0.24502103240500567,14.855196239067565
sub-1022_3,0.0,0.7248048258186987,0.8449777202498241,0.32353699691638876,13.27807224299416
sub-1022_4,0.0,0.011405369385673459,20.0,0.0,12.726315922384833
sub-1022_5,0.0,0.013459292152369004,20.0,0.44501858491284196,14.024257289263698
sub-1022_6,0.16916696522338698,1.0,20.0,0.9638079508793942,14.027233333555806
sub-1022_7,0.004288895935155207,0.007591245167591246,20.0,0.0,13.378853138095753
sub-1022_8,1.0,0.02605682044721563,5.365530354373449,1.0,13.760556186506843
sub-1022_9,0.014812997265848553,1.0,20.0,0.9446934294815653,11.445831594894806
sub-1022_10,1.0,1.0,20.0,0.6520902967338681,6.935127966129274
sub-1023_1,0.007989037245042775,0.012572114444883297,20.0,0.0,10.826971558567717
sub-1023_2,0.015006287985000475,0.007342599132031073,20.0,0.0,13.412052728382367
sub-1023_3,0.0032617631781523783,1.0,20.0,0.5356100595632511,12.356462023656455
sub-1023_4,0.007295860739254576,0.014620499918961737,20.0,0.0,12.018256172682136
sub-1023_5,0.007989037967338833,1.0,20.0,0.0,10.546652532560177
sub-1023_6,0.09386132765470223,1.0,20.0,0.9102327919683038,11.800134446090816
sub-1023_7,0.3684985073442961,1.0,0.37957422875738706,0.0,11.486941329017817
sub-1023_8,1.0,0.007624027835209852,20.0,0.0,11.73058551448725
sub-1023_9,0.3775482864282892,0.722671297147637,0.7942905132165209,0.0,12.502213330630214
sub-1023_10,0.0,1.0,1.4272814919726984,0.8563960008089709,12.212406148977752
sub-1037_1,0.4837738017029786,0.11080255628621151,0.7781025912664147,0.0,13.468607376689826
sub-1037_2,1.0,0.0,0.08134188991181779,0.0,15.067742171504268
sub-1037_3,1.0,1.0,20.0,1.0,12.476649250079015
sub-1037_4,0.012065200306025663,0.05442283452021113,20.0,0.2101712680188126,12.214186087820174
sub-1037_5,0.0026990408200666966,0.0,20.0,0.0,14.782870816425744
sub-1037_6,0.32833137978001337,0.06961161231096703,0.3608522466485004,0.3863100012334318,15.06758430251357
sub-1037_7,0.9351817102799058,1.0,20.0,0.8286419499015408,11.465422489705803
sub-1037_8,0.023519893331081024,0.0,20.0,0.0,10.471192270957507
sub-1037_9,0.0132072117648877,0.0061233233282499185,20.0,0.22676540304730997,10.999045148348465
sub-1037_10,1.0,1.0,12.767380356662148,0.0,5.545177444479562
sub-1033_1,0.5971310059258166,1.0,20.0,0.8124446398375301,10.255731157163629
sub-1033_2,0.678481398062229,0.016315324061313495,20.0,0.02847422878289828,10.013938279707878
sub-1033_3,0.020755764602722087,0.03556950571311594,20.0,0.0,9.031069981682146
sub-1033_4,0.0,1.0,20.0,0.9134265330172765,13.766605232658017
sub-1033_5,0.008095905000297856,0.009647055779623891,20.0,0.20838288582386458,14.441913686774589
sub-1033_6,0.004047721121709003,1.0,20.0,0.38894705236348465,10.869708376394037
sub-1033_7,0.7022434075744769,0.01800207017322874,7.769891574022892,1.0,13.65816859555624
sub-1033_8,0.0,1.0,20.0,0.6959406707771709,10.52623964055389
sub-1033_9,0.0,0.011324742160695258,20.0,0.0,10.826676813516695
sub-1033_10,0.09267098216063678,0.0,20.0,0.9115548395541175,11.956489007164507
sub-1026_1,0.0,1.0,20.0,0.7916412890630402,13.750867815142
sub-1026_2,1.0,0.0,0.19435665086902354,0.0,14.13527766974406
sub-1026_3,0.7397357402065576,0.0,0.18908447552077523,1.0,15.04446287884687
sub-1026_4,1.0,0.6241577976878491,0.5632853770222551,0.5623585325235745,11.34420493907764
sub-1026_5,0.0,0.08248905369549155,20.0,0.4930100854481423,13.302327984505862
sub-1026_6,0.012084516242096627,0.0,20.0,1.0,14.018598027995626
sub-1026_7,0.024455015228214895,0.020883165146212936,20.0,0.4501573516097734,13.85083105169661
sub-1026_8,0.0034847915181197217,0.0,20.0,0.0,14.05924937884965
sub-1026_9,0.0,0.28443226815530426,0.53788708344246,0.08575515702627498,15.146850425582834
sub-1026_10,0.0069936269311188706,0.014620496583018628,20.0,1.0,13.950557728669633
sub-1032_1,0.0,0.0047223766804345875,20.0,0.0,14.97518377607962
sub-1032_2,0.0,0.00505818885694237,20.0,0.0,12.725847812516502
sub-1032_3,0.009025423770863874,0.0,20.0,0.0,13.16908846739328
sub-1032_4,0.007319366438976724,1.0,20.0,0.7196838020724388,11.548892192287372
sub-1032_5,1.0,0.0,4.674393209585762,1.0,12.476650875031405
sub-1032_6,1.0,0.44793496874511984,20.0,0.9840987424776353,14.083150853617667
sub-1032_7,0.00011199149131483421,0.009654804668830702,20.0,0.22717316505423862,14.74914468625359
sub-1032_8,1.0,0.0,0.2578734974611449,1.0,14.354537102096499
sub-1032_9,0.0,1.0,0.13987253942339617,0.0,14.942075332110907
sub-1032_10,0.0,1.0,0.04467018948841545,0.0,15.215820219734486
sub-1024_1,0.03160463675071482,1.0,20.0,0.4224387859868283,10.102436489439775
sub-1024_2,0.018999629616390894,1.0,20.0,0.1956211400777181,7.635576980480628
sub-1024_3,1.0,1.0,14.511633794111294,0.0,8.317766166719343
sub-1024_4,1.0,0.5910551272018983,20.0,0.7795483183257803,7.456079732878671
sub-1024_5,0.8966862122250224,0.5030167719283871,1.3739334201508062,0.0,8.5576086375069
sub-1024_6,1.0,0.02664681412279567,20.0,0.0,6.560845440950044
sub-1024_7,1.0,0.5127296271055208,20.0,0.4711771787201447,7.407791052557373
sub-1024_8,0.37447390581216944,1.0,20.0,0.7017212568166727,5.503759956534517
sub-1024_9,0.8683735257690162,0.06156941951074769,10.487252563910582,0.0,8.413447975603747
sub-1024_10,1.0,0.13501742255073657,20.0,0.7838446224089959,11.619654176366838
sub-1030_1,0.7683498732562025,1.0,0.2726429693913769,0.0,13.331928078870957
sub-1030_2,0.010718924711837597,0.012984005787673463,20.0,0.0,10.701322631864931
sub-1030_3,0.020873117389261536,1.0,20.0,0.0,8.956810467624146
sub-1030_4,0.001340156046660686,0.02855516326378449,20.0,0.0,9.485078721610973
sub-1030_5,0.11075608853662913,1.0,20.0,0.3975169398253346,6.858028727559703
sub-1030_6,0.0,0.34254815430365926,0.974254772437999,0.2330391370129713,13.34573685159439
sub-1030_7,0.0,1.0,20.0,0.8841065092480573,13.148144054499934
sub-1030_8,0.0066273697123311395,0.029907358493713475,20.0,0.1786178778016377,12.385416667049883
sub-1030_9,1.0,0.05743172828504273,20.0,0.4098650023769111,9.683437586669458
sub-1030_10,0.9941422240025897,0.9668794068626376,17.41216637430827,0.0,8.317766166719343
sub-1018_1,0.005345007383781159,0.014917645985540594,20.0,0.19864635860368862,14.354009143853853
sub-1018_2,0.21405514104044143,0.0,0.6534415863024735,1.0,15.146850425582834
sub-1018_3,1.0,0.8900624502349349,0.1398725389397385,0.0,14.53252514516705
sub-1018_4,1.0,0.0,0.3373337018057776,1.0,14.35694068146941
sub-1018_5,0.055694203491303634,0.0,20.0,0.28732026432994223,10.25305165089344
sub-1018_6,0.8936205408289566,1.0,0.6233450200091569,0.18798376158206154,11.338722298741528
sub-1018_7,0.732602036811598,1.0,20.0,0.8878490180205314,11.622493228592267
sub-1018_8,0.0,1.0,20.0,0.9930079525723076,15.146861185914153
sub-1018_9,0.01765867546078795,1.0,20.0,0.7603907077550056,12.453440935959541
sub-1018_10,0.0,1.0,20.0,0.8761102683633588,13.864412470250032
sub-1019_1,0.026583365575045297,1.0,20.0,0.5300218725106951,10.80830775530766
sub-1019_2,0.0013332757862819162,0.008060268170496848,20.0,0.0,14.543377283050134
sub-1019_3,1.0,0.5061914154702591,11.294646217198846,0.0,6.829084366377586
sub-1019_4,1.0,0.0,0.9499148824876699,0.647882925949769,12.699481057668882
sub-1019_5,0.005000095560487923,0.01457122189828538,20.0,0.07807163086613161,12.948134360712997
sub-1019_6,0.004709284511036481,1.0,20.0,0.0,11.814330035184932
sub-1019_7,0.0031124269421965566,0.047484411903688205,20.0,0.17846294491241932,11.239578340127503
sub-1019_8,0.009014060066864818,0.5679527777534232,20.0,0.4176398534897635,12.0544955406651
sub-1019_9,1.0,0.10383892339171234,2.810608156107009,0.1029185636223601,10.692085766515119
sub-1019_10,0.0,1.0,10.325159226216702,0.0,12.476649250079086
sub-1025_1,0.39159776884769665,1.0,0.2578734992755355,1.0,14.3545371020965
sub-1025_2,0.0,0.0,1e-10,1.0,15.249237972318797
sub-1025_3,1.0,0.0,0.13987253752135942,0.0,14.839687785374943
sub-1025_4,0.0,1.0,0.13987254277497407,0.0,14.53252514516705
sub-1025_5,0.0,1.0,2.5031200074880267,0.9432273323872127,13.656705369961628
sub-1025_6,0.006993626565377613,0.0014462053151408142,20.0,0.0,15.017788041721591
sub-1025_7,0.0,1.0,16.555619827062657,0.6968298243194568,12.374261993003019
sub-1025_8,0.23058713638353245,1.0,0.356598876254333,0.5076263348453206,13.703178640075578
sub-1025_9,0.024176683752398332,0.0,20.0,1.0,12.005580596280463
sub-1025_10,0.0,0.01161436628273656,20.0,0.3958300164298583,14.240812189291795
sub-1028_1,1.0,0.005848802939348242,20.0,0.36917902129850727,13.588049471894104
sub-1028_2,0.0,0.22372259853209103,1e-10,1.0,15.249237972318797
sub-1028_3,1.0,0.0,0.31925025480561653,0.30632700519406253,13.214615776381743
sub-1028_4,0.0040999210826879896,1.0,20.0,0.5629177926483591,11.85886112079398
sub-1028_5,0.003789802858902693,0.0,20.0,0.0,14.293775458793405
sub-1028_6,1.0,1.0,0.23849399707710328,0.0,13.409690445410451
sub-1028_7,0.0,1.0,20.0,0.9134265426989197,12.380310871538116
sub-1028_8,1.0,0.0,0.04467018671087757,0.0,15.18240246715018
sub-1028_9,1.0,0.018586223257147476,20.0,0.9701196496580219,13.950302594662348
sub-1028_10,0.0,0.2223800946198775,20.0,0.48762405103956263,13.02405711299904
sub-1014_1,0.00044626880652003635,0.005200886023971118,20.0,0.0,14.180413278088094
sub-1014_2,0.6537984541871611,1.0,20.0,1.0,12.476649250079015
sub-1014_3,0.005502172362428814,0.017978539223273023,20.0,0.0,13.163069484665476
sub-1014_4,0.0020497047453021822,1.0,20.0,0.39801145306104313,10.167771703085702
sub-1014_5,0.0035640013241903705,1.0,20.0,0.9121950909446389,13.64559073660417
sub-1014_6,1.0,1.0,0.33733369967835314,0.0,11.680048808921251
sub-1014_7,0.007018127260862672,0.015580148255078037,20.0,0.0,11.503980234962807
sub-1014_8,1.0,1.0,0.30390167143539154,0.1256657321902275,13.270663167800297
sub-1014_9,0.0,0.868998904138424,0.6382119817055667,0.21253758038645887,11.868997966577476
sub-1014_10,0.0,1.0,6.813438341043867,0.26167909929288685,11.090355170764575
sub-1015_1,1.0,0.8598346833237792,0.19435665838219623,0.0,14.032890123008094
sub-1015_2,0.05032479169871266,1.0,20.0,0.37735349948391667,5.994404848753163
sub-1015_3,0.019950537553906217,0.021655128916753332,20.0,0.0,8.086967065910022
sub-1015_4,0.03282394722616423,1.0,20.0,0.1620984542157238,7.614553187633283
sub-1015_5,0.01733969928069675,1.0,20.0,0.03861904612615978,8.759158836709933
sub-1015_6,1.0,1.0,0.8242341031088765,0.0627265719820941,7.279481332754516
sub-1015_7,0.0,1.0,6.2673286243200454,1.0,13.8629436180286
sub-1015_8,0.8763372623519842,0.47261367806703397,13.533838073871065,0.00268420803384699,5.442789913639065
sub-1015_9,0.03149941408424141,1.0,20.0,0.7270971134344151,9.091023559680682
sub-1015_10,1.0,1.5329015692447957e-06,4.467860760925167,0.9974045312811367,13.86294512229705
sub-1029_1,0.0,0.0042715665647611286,20.0,0.0,14.285330072951858
sub-1029_2,0.006806936621243898,1.0,20.0,0.5071765096172304,12.43008621914242
sub-1029_3,0.6027153410984224,0.0,20.0,0.7591313159413986,9.824799953804318
sub-1029_4,0.0,0.009205363315403212,20.0,0.06484986973539544,14.18283583839672
sub-1029_5,0.0,1.0,1.978355548261497,0.9238176586971403,13.645472322156147
sub-1029_6,0.0,0.007814181876648877,20.0,0.0,12.986437385460837
sub-1029_7,1.0,1.0,0.14584091594520532,0.520259453955674,14.877667025710949
sub-1029_8,1.0,0.6228803277092957,0.17833102191495442,0.6577091132269336,14.963265003424661
sub-1029_9,0.0,0.0,1e-10,1.0,15.249237972318797
sub-1029_10,1.0,0.0,0.5291336559617268,0.0,12.199383671304117
sub-1017_1,0.0,1.0,0.2835064770889583,0.11651957297636023,13.373648853876777
sub-1017_2,0.007637731118057783,1.0,20.0,0.700212338870393,10.264146864804818
sub-1017_3,0.0009537297886868478,0.017814444484877172,20.0,0.0,12.807289016048355
sub-1017_4,0.0,1.0,20.0,0.40996508559751654,12.728383541960216
sub-1017_5,0.056930479833048886,1.0,20.0,0.48167171821192467,8.273439700978047
sub-1017_6,0.012852394494584684,0.04582538937091648,20.0,0.6533309850668314,11.996041906258503
sub-1017_7,1.0,0.0,0.09752880998614204,0.0,14.887856208723136
sub-1017_8,1.0,0.7671539081550752,0.37766004666261044,0.0,11.616556018394645
sub-1017_9,0.0,1.0,20.0,0.8572893411250352,13.863149083408445
sub-1017_10,0.01415731519100721,1.0,20.0,0.2001070099574963,11.853141655825212
sub-1016_1,0.013187438345473885,1.0,20.0,0.37967555861856345,9.023776768476955
sub-1016_2,0.0,0.010369776992647732,20.0,0.0,11.71093280144475
sub-1016_3,0.0021621404591735008,0.010245908175398845,20.0,0.0,14.728782107649188
sub-1016_4,0.0,1.0,20.0,0.06936751034954047,9.704060527839234
sub-1016_5,0.21662347260499298,1.0,0.645694240961464,0.0,9.697354789985729
sub-1016_6,0.005032098243139036,1.0,20.0,0.5664825560693274,10.902851586101384
sub-1016_7,0.007974523192852521,1.0,20.0,0.9019758752533731,10.857817900743541
sub-1016_8,0.0,0.9624364212752042,3.735771313833002,0.4282238415336304,10.565667536388528
sub-1016_9,1.0,0.7371595125818271,20.0,0.43127744775206306,6.480587950355544
sub-1016_10,0.04573542624170353,0.7806614597044806,7.374763401567411,0.0,8.811763374654207
sub-1012_1,0.0,1.0,20.0,0.9528460539702818,12.720577696613347
sub-1012_2,0.0,0.009401116818104054,20.0,0.5765849141253131,14.609116000649792
sub-1012_3,0.4996315469062467,0.4713154457718304,0.675164933005012,1.0,14.254553134733447
sub-1012_4,1.0,0.7540379500379676,0.6242742710545148,0.0,10.161000565418247
sub-1012_5,0.00784540434698137,0.9588869258832097,20.0,0.0,9.363056640040814
sub-1012_6,0.7021749678290958,0.6398316650136391,0.2384112834591988,0.0,14.186133003189518
sub-1012_7,1.0,0.0033190631907984857,20.0,0.9166103258579152,14.810914070281807
sub-1012_8,0.01686668288155717,0.012084515303324087,20.0,1.0,13.126300737146252
sub-1012_9,1.0,0.30232777722873005,20.0,0.4399604195744078,5.86137317954611
sub-1012_10,0.002256400024111991,0.00895999745180632,20.0,0.0,12.228574830761346
sub-1006_1,1.0,0.35313663331410233,0.33449037035335655,0.0,13.076182570412387
sub-1006_2,0.06435565528821278,1.0,20.0,0.9858427619595849,10.429529993028506
sub-1006_3,0.003012104933067422,1.0,20.0,0.34175066362393447,13.792241039195812
sub-1006_4,0.0,0.005073812504414915,20.0,0.0,14.88151682278607
sub-1006_5,0.021521321302428953,1.0,2.301507900749457,0.0,11.861088044570751
sub-1006_6,0.0,0.43450629976613653,0.10280677469966498,0.0,15.215820219734486
sub-1006_7,0.7691052629826586,1.0,19.999999999955573,0.9930067084218377,13.555791232356102
sub-1006_8,0.0,1.0,0.3245080965449127,0.2048136511287438,13.821718497984993
sub-1006_9,1.0,1.0,5.231350879848324,1.0,13.86294376401165
sub-1006_10,0.004660811356851359,0.01959225755257328,20.0,0.10748923331580847,12.941068105904659
sub-1007_1,0.0,1.0,20.0,0.05064639769809288,9.704060527839234
sub-1007_2,0.006609274953008701,0.01906024389303896,20.0,0.0,12.200677872109077
sub-1007_3,0.8990227481493794,0.8054883934992016,0.4187939678062663,0.0,11.564251320533376
sub-1007_4,1.0,0.661765966790392,0.32709741360807104,0.0,12.402094976016855
sub-1007_5,0.01644375628810295,0.05839464103257241,20.0,0.3181147846515749,13.00895801628126
sub-1007_6,0.02115694893573057,0.020360906296970037,20.0,0.0,11.186580367689116
sub-1007_7,0.0,1.0,15.18907289956548,0.0,6.931471805599453
sub-1007_8,0.012084516055517164,0.0,20.0,0.0,14.018598027995612
sub-1007_9,0.08042522159012278,1.0,20.0,0.6507046477119692,8.293315430777685
sub-1007_10,1.0,0.01998519751890187,20.0,0.0,8.773944975208215
sub-1013_1,0.02690674354418263,1.0,5.197645337485393,1.0,13.658168691025804
sub-1013_2,0.0,0.7164332175063527,20.0,0.0,11.090354888959125
sub-1013_3,0.009337504404176782,0.02398905224354996,20.0,0.0578897404789524,10.091392941844326
sub-1013_4,0.03493929925478535,1.0,2.397162619635847,0.0,11.997941986236478
sub-1013_5,0.0,1.0,9.592680000313916,0.0,5.545177444481788
sub-1013_6,0.003819036441809565,0.007710761700079844,20.0,0.0,13.735361677178371
sub-1013_7,0.0033687866621687746,1.0,20.0,0.0,10.65114642795717
sub-1013_8,0.26099246625244577,0.006962502020016677,20.0,0.6705267311959556,9.434237888491952
sub-1013_9,0.014420491410281818,1.0,20.0,0.46741126134940536,10.429619392553382
sub-1013_10,1.0,0.7581334424072577,0.20762788610640598,0.0,13.851632304755949
sub-1005_1,1.0,1.0,20.0,0.45476968623188574,9.924984253417831
sub-1005_2,0.8669259030584309,0.4711173457917685,11.090862869566037,1.0,12.374261867525714
sub-1005_3,0.5785639312157468,0.02426464041620736,20.0,0.45742081829356857,11.474028090295096
sub-1005_4,0.001957225290507774,0.01149275862764675,20.0,0.0,12.090455647130582
sub-1005_5,0.007201361230128516,0.6815174522542249,20.0,0.6661210819108522,10.86926828594332
sub-1005_6,0.0,1.0,20.0,0.9222246710950597,13.776927139562863
sub-1005_7,0.0,1.0,5.4246953931829465,1.0,13.86294369675564
sub-1005_8,0.009971345703512081,1.0,20.0,0.4490601282039159,11.759209642412326
sub-1005_9,0.0,0.325395912837461,1e-10,1.0,15.249237972318797
sub-1005_10,1.0,0.08434944583017548,2.1851644233572074,0.0966313327360176,11.797285449739224
sub-1039_1,0.027407449528717633,0.04909201408927629,20.0,0.31524567928108377,12.883919934443641
sub-1039_2,1.0,0.0,20.0,0.9528604622492911,14.001605849388561
sub-1039_3,0.0,1.0,0.3389605417409071,0.8013743779268467,14.349894167815213
sub-1039_4,0.010026805663952457,0.022086985787238264,20.0,0.04367135352304209,13.129956775788836
sub-1039_5,1.0,0.003904868590358994,20.0,0.0,10.805864848208849
sub-1039_6,0.4074408462845897,0.0,0.5942036107405484,0.0,12.292572656320212
sub-1039_7,0.24740020078938524,0.1929973473448756,20.0,0.9472368887504024,12.997444516940405
sub-1039_8,0.04882201339532531,1.0,20.0,0.47272177405953886,8.923609248632827
sub-1039_9,1.0,0.3740213035795002,0.9209312996475072,0.0,9.07966892861597
sub-1039_10,0.0,0.54649174971966,0.8211249066375125,0.0,11.404767368817152
sub-1038_1,0.0015733381096603419,0.00565684566467838,20.0,0.0,14.833069408764164
sub-1038_2,0.0051908260192721776,0.01961211516108486,20.0,0.0,13.563324193835506
sub-1038_3,0.007764694370744395,1.0,20.0,0.9224809590225702,11.856094587739832
sub-1038_4,0.008749138840906334,0.37073066120837234,0.9099158417720218,1.0,14.35694068146941
sub-1038_5,1.0,1.0,20.0,0.993041960372706,13.557235971808103
sub-1038_6,1.0,0.06702959963361692,5.031986618807121,1.0,12.97064660775142
sub-1038_7,0.0069942278708298045,0.349684618948028,19.999999999515605,1.0,13.760556065938673
sub-1038_8,1.0,0.4174887536405672,1.154691595846999,0.0,7.58232075702973
sub-1038_9,0.0,0.019985197653029335,20.0,0.0,11.546533697448009
sub-1038_10,0.0,1.0,0.6456942273534086,0.0,9.79974233672169
sub-1010_1,0.0,1.0,20.0,0.8351834187500967,13.751247534011675
sub-1010_2,0.014542972039653289,1.0,20.0,0.4042560463117474,10.129044873373054
sub-1010_3,1.0,0.7902435337840461,0.250682944706389,0.0,13.387481242838275
sub-1010_4,0.034789249630631035,1.0,20.0,0.8010905455905487,8.565403521021759
sub-1010_5,0.8188116910015617,0.012598406925870168,20.0,0.0,12.502082532970434
sub-1010_6,0.8024764117758334,0.0,6.221677685717038,0.9999935515227638,11.090355238510643
sub-1010_7,0.4846670098734865,0.5990584850898998,0.490250982191851,0.23275277301967154,14.942075332110935
sub-1010_8,0.02762742890807043,1.0,20.0,0.6728237776836491,8.14969684686715
sub-1010_9,0.0784818856445447,1.0,20.0,0.5501030026124076,7.734887779758155
sub-1010_10,0.014620501648860177,0.007243924591453071,20.0,0.0,10.7156372632359
sub-1004_1,1.0,0.2717788996886571,0.6911115663776317,0.0,8.5576086375069
sub-1004_2,1.0,0.003249455216061774,20.0,0.08267687867641639,10.84955738570391
sub-1004_3,0.038133974081719195,0.03863382203668582,20.0,0.587123355998481,13.220390661561554
sub-1004_4,0.019264636316370334,1.0,20.0,0.3796621356625212,9.863591029140945
sub-1004_5,1.0,0.6139254908431314,0.37957422325899814,0.0,11.589328875753779
sub-1004_6,1.0,0.007563227601009087,20.0,0.9622597781461265,13.987691678196262
sub-1004_7,0.290343752729192,0.8095268928119905,0.4922626998894907,0.0,12.263559627893496
sub-1004_8,0.0034212145740309587,1.0,20.0,0.0,10.88816876759526
sub-1004_9,0.0,0.6697505052981455,0.5036707053359375,0.0,11.542408088869205
sub-1004_10,0.048387128462611784,1.0,20.0,0.7251242248067916,10.049756223244575
sub-2013_1,0.0,0.002510792901024433,20.0,0.0,14.918404490342251
sub-2013_2,1.0,0.02691211016066309,3.1977568050521317,1.0,13.677080969956469
sub-2013_3,0.006729736108033828,1.0,20.0,0.9832279197478491,12.875275601498872
sub-2013_4,0.08093325898030627,0.044195804650696655,20.0,0.7731082365879399,12.094510635882491
sub-2013_5,0.0,0.0,1e-10,1.0,15.249237972318797
sub-2013_6,0.0447734184458194,1.0,20.0,0.9546536308739991,12.802143105342186
sub-2013_7,1.0,0.0,0.13987253268103136,0.0,15.04446287884687
sub-2013_8,0.003306114091844887,1.0,20.0,0.9977765097307981,15.215969014394894
sub-2013_9,0.0,0.014620501307943188,20.0,1.0,14.052945275405559
sub-2013_10,0.019950539184335314,0.0059162315276617425,20.0,0.0,12.205378654769273
sub-2007_1,0.0,0.002293489237278025,20.0,0.0,15.080405192866227
sub-2007_2,0.010461622994624468,0.027226068264007194,20.0,0.0,12.711582279291926
sub-2007_3,1.0,0.0,20.0,0.9164395013677719,14.942443611624599
sub-2007_4,0.0061875977728430565,1.0,20.0,0.9223390125725293,13.597599765781741
sub-2007_5,0.0,1.0,0.09074174834048118,0.0,14.97982357582891
sub-2007_6,0.9647668270603856,0.0015449605118429443,20.0,1.0,15.089469069226919
sub-2007_7,1.0,0.2897974063760593,6.030491368218208,1.0,13.862943625097557
sub-2007_8,0.0,1.0,20.0,0.9931129825171111,15.148300584846927
sub-2007_9,0.5426301711611954,1.0,0.8386292877132321,0.40541173800748154,12.052842709732952
sub-2007_10,1.0,0.30234281439754157,0.6708182712518843,0.0,12.208178303236618
sub-2006_1,0.0,0.6198549273013353,8.326079579699979,1.0,13.862943799941014
sub-2006_2,0.0,0.0009272185007183492,1e-10,0.64877788990322,15.249237972318795
sub-2006_3,0.0,1.0,20.0,0.9315707467243398,15.18662382398392
sub-2006_4,1.0,0.14988339428085415,0.4708772929582194,0.055301785100625854,12.980063242055175
sub-2006_5,0.0,1.0,20.0,0.8087516549766866,12.374272095111735
sub-2006_6,0.0,1.0,20.0,0.8761102235223279,13.864412470250041
sub-2006_7,0.0,1.0,20.0,0.9087872232207848,13.746657149516881
sub-2006_8,0.014620499812482141,0.0,20.0,1.0,14.052945275405552
sub-2006_9,0.0,0.0,1e-10,1.0,15.249237972318797
sub-2006_10,0.010424613747577501,0.02845818968228163,20.0,0.0,11.122809550554736
sub-2012_1,0.0,1.0,1.2364573045230245,0.2074446926708319,10.915859799324876
sub-2012_2,0.0066614826504692365,0.054351705947897,20.0,0.25780176064560995,12.196129943101122
sub-2012_3,0.02944541120149706,1.0,20.0,0.4677524000106422,9.198515159436448
sub-2012_4,0.009112228097069264,0.0027442028757078928,20.0,0.0,12.660618351439965
sub-2012_5,0.2318999115892159,1.0,20.0,0.4725920181207764,8.83280553546649
sub-2012_6,0.0,1.0,20.0,0.8087516695276235,12.374272095111747
sub-2012_7,0.014386481521496231,0.010043926961700249,20.0,0.0,13.689877533335737
sub-2012_8,0.0,0.8328295810389438,0.47848911459997384,0.0,12.468334721365425
sub-2012_9,0.0,1.0,20.0,0.7692422561744447,10.94541661563356
sub-2012_10,0.6745583183659903,0.351951374869335,0.3974199362459552,0.0,13.273852425528826
sub-2004_1,1.0,0.0,0.13987254133858393,0.0,14.839687785374938
sub-2004_2,0.0,0.00798903921769204,20.0,1.0,14.70553561591986
sub-2004_3,0.0016107200367457086,0.008166446801769381,20.0,0.03790323538288056,14.79074446497956
sub-2004_4,0.009353320088814511,0.03251586172749049,20.0,0.2863741472329568,10.682309191609455
sub-2004_5,0.01665161356981024,0.0345187275930015,20.0,0.00782732798272444,9.421203784083872
sub-2004_6,0.0,1.0,20.0,0.9113275072828736,10.999227554974215
sub-2004_7,0.0050788025318156665,0.009330559314382668,20.0,0.04691321113235859,14.681457954957752
sub-2004_8,1.0,0.35531105643940514,0.729672613006265,0.3584789516638607,12.930028071490948
sub-2004_9,0.0,1.0,20.0,0.6125400231390121,12.550814618314307
sub-2004_10,0.0069936208499493755,1.0,20.0,1.0,13.65816851772713
sub-2010_1,1.0,0.0,0.13987254570284435,0.0,14.839687785374942
sub-2010_2,0.0,0.6788764019248615,20.0,0.0,13.862943611198906
sub-2010_3,0.34657659605164315,0.0,1e-10,1.0,15.249237972318797
sub-2010_4,0.9101342955717217,1.0,0.13987253786025416,1.0,14.942075332110905
sub-2010_5,1.0,1.0,0.13987253965994237,0.0,14.430137598431086
sub-2010_6,0.0014877752118488605,1.0,20.0,0.5492801566828958,12.934809273670059
sub-2010_7,0.8239714769089657,0.0,20.0,0.8474275107156812,12.333745887299157
sub-2010_8,0.0,0.6647882642195675,0.17996509113646825,0.43720655635178657,15.171201573788181
sub-2010_9,0.5221393000827307,0.0,10.338632425221155,0.0,13.862943703832048
sub-2010_10,0.7465972702373369,0.0,0.4518281952021473,1.0,14.35694068146941
sub-2038_1,0.00022983868689860717,0.009689339348955401,15.253340124631894,0.0,14.939642088515296
sub-2038_2,1.0,0.04113765009935342,20.0,0.5602734366784333,11.291332343128913
sub-2038_3,0.0,0.0011122973089841197,20.0,0.3137393707623638,15.24105968899137
sub-2038_4,0.0069936277865301115,0.019950539376758773,20.0,1.0,12.985650154697716
sub-2038_5,0.0,0.20328769069285832,0.6880521600772416,1.0,15.04446287884687
sub-2038_6,0.0,0.5760059926849681,14.651120180794578,1.0,13.862943611209017
sub-2038_7,0.012058436777492389,0.016728615312256133,20.0,0.0,11.36706987686554
sub-2038_8,0.02129585359009567,1.0,2.6372285282156156,1.0,13.698484360465237
sub-2038_9,1.0,0.26805039930863706,0.19924140580959804,0.0,14.023578013782444
sub-2038_10,0.0,0.004172978118917932,7.26109906367387,0.7151043643464339,15.248113010628057
sub-2039_1,0.007637732120022798,1.0,20.0,0.0,11.194985402953922
sub-2039_2,1.0,1.0,0.40329412488598493,0.07380610642335,12.513624139089819
sub-2039_3,0.0,1.0,20.0,0.7373176074633763,12.956056889132624
sub-2039_4,0.785547929004016,0.04686091005557211,20.0,0.17926411139208598,9.568922334835522
sub-2039_5,0.0,1.0,20.0,0.6686409878560007,11.155054634367847
sub-2039_6,0.030408714735000647,1.0,20.0,0.7903670198534904,8.754528602064116
sub-2039_7,0.0003624040847002765,0.011022991987969947,20.0,0.0,12.13539645660543
sub-2039_8,1.0,0.008422753243322853,20.0,0.024910558941574516,9.461833905002024
sub-2039_9,0.012084515942446172,0.021655127024501328,20.0,0.0,9.017527392471955
sub-2039_10,0.03714302607540825,1.0,3.5325466604313545,0.08987645325479793,10.807043356283948
sub-2011_1,1.0,0.006892121753886097,20.0,0.993164396768198,12.17378691507054
sub-2011_2,1.0,1.0,0.27585225509968136,0.0,12.59659224020091
sub-2011_3,1.0,0.014073236068293313,20.0,0.0,8.569181399118955
sub-2011_4,1.0,0.9473914561356163,20.0,0.0,6.931471805599453
sub-2011_5,0.5180121054606364,0.0,5.936427432481646,0.9543543815320905,13.657821696209641
sub-2011_6,0.01590891672131901,0.0,20.0,0.33752300589030465,13.3522973500735
sub-2011_7,1.0,1.0,0.5116235138748101,0.15226327034388346,11.285075791014593
sub-2011_8,0.472532007787891,1.0,0.6687528237269664,0.0,8.767032439860357
sub-2011_9,1.0,0.727175255004893,0.4838059009136946,0.0,10.371188758269202
sub-2011_10,0.006910266424708244,0.0085870763501929,20.0,0.0,12.94358134449895
sub-2005_1,0.006082029477359585,1.0,0.5213058350558072,0.5855063145329247,12.763204082524272
sub-2005_2,0.0,0.5799456314162986,0.24118215283748143,1.0,15.146850425582834
sub-2005_3,0.6964600657967635,0.0,8.530751651515617,1.0,13.862943629360013
sub-2005_4,0.0,1.0,0.13987253418420117,1.0,15.04446287884687
sub-2005_5,0.43578062427596914,0.0,0.3209700794787513,1.0,15.146850425582834
sub-2005_6,0.004361046989957549,0.00652498664917934,20.0,0.0,14.566223209503143
sub-2005_7,0.009930080170495096,0.0016078594376757603,15.639801729314508,0.11082248388871932,15.010690954919765
sub-2005_8,0.0038894166018368344,0.018283316928218198,20.0,0.35538357033584056,14.700889344189571
sub-2005_9,1.0,0.9041095176640997,0.3582416576397512,0.2504944674861993,13.236509076517748
sub-2005_10,0.0,0.9536749171936981,1e-10,1.0,15.249237972318797
sub-2001_1,0.0,0.006530087306576218,20.0,0.7008784589121922,15.21517556710851
sub-2001_2,0.23999174815207514,1.0,0.25787349271119764,0.0,13.459836231874204
sub-2001_3,0.019876308959428015,0.021801762194619965,20.0,0.09711253926281409,13.359320892891954
sub-2001_4,1.0,1.0,20.0,0.45378271351992305,8.543527590760506
sub-2001_5,0.08687850356102919,0.2806422621746794,1.8596949441179806,0.0,11.629849911177583
sub-2001_6,0.0037171549296370434,0.00777040616900338,20.0,0.0,12.815250214377217
sub-2001_7,0.0031673231356243053,0.009855959311666178,20.0,0.0,14.439396411152952
sub-2001_8,0.007893703905000287,1.0,20.0,0.0,12.671090070564244
sub-2001_9,0.5900727674371911,0.0,0.23704287282465547,1.0,15.04446287884687
sub-2001_10,0.0,1.0,20.0,0.7483907144264776,11.145554661880672
sub-2002_1,1.0,0.0,0.25787349818300714,0.0,14.354537102096499
sub-2002_2,0.014620500699554062,1.0,20.0,1.0,12.666650914285654
sub-2002_3,0.0,1.0,0.014671308032998574,0.5364592754517847,15.24650239408047
sub-2002_4,0.2291485979848501,0.1345435581424505,2.200800010390489,0.27228447074377565,12.715769458566148
sub-2002_5,0.0,0.2321853172122807,0.6692226205951408,0.4333833850455977,14.819079930535343
sub-2002_6,0.0,0.8528501512079285,0.30236672699109707,0.0,14.3545371020965
sub-2002_7,0.01086829842729419,1.0,20.0,0.9563646378210613,12.512204645815853
sub-2002_8,0.5000000279101876,1.0,0.13987254251450718,0.0,14.532525145167053
sub-2002_9,0.0,1.0,20.0,0.9087872291062482,13.74665714951689
sub-2002_10,1.0,0.2539846790968573,0.6379856064605695,0.0,12.40532955446563
sub-2003_1,0.9748648897411826,0.02001498578153524,6.988390090975934,1.0,13.760556065792779
sub-2003_2,0.0,1.0,0.29639166553002455,0.22035906863941662,14.011649712765983
sub-2003_3,0.02068385627363454,0.0020902445867439696,20.0,0.0,12.989198440288947
sub-2003_4,0.07446933437940167,1.0,20.0,0.7765968139877161,11.631727356370861
sub-2003_5,0.004224421415201199,0.027240295188393736,20.0,0.0,13.028892783479783
sub-2003_6,0.9143465977379069,0.5071356364140595,1.4909479276866853,0.44080952753923186,10.284758064370218
sub-2003_7,0.02125198136393074,1.0,20.0,0.7971760324501664,11.85299795204001
sub-2003_8,0.002763271451685975,0.0010339002490585183,20.0,0.0,15.166901841861314
sub-2003_9,0.000841588322570098,0.014620512230538459,20.0,0.0,14.002696692710524
sub-2003_10,0.0,0.9843298780269061,0.14209925215934244,1.0,14.942075332110905
sub-2026_1,1.0,0.0,10.281697289623404,0.0,8.317766166719544
sub-2026_2,1.0,0.8563616514530122,6.167519038997138,0.0,12.476649268506732
sub-2026_3,1.0,0.1898956252803658,20.0,0.26878343714887054,5.893638082310911
sub-2026_4,1.0,0.0,7.181697740063313,0.0,11.090354890278007
sub-2026_5,1.0,0.0,8.374170731022451,0.0,8.317766166780778
sub-2026_6,0.031484968922896664,0.003081277606024125,20.0,0.20901798260230725,11.928705786879547
sub-2026_7,1.0,0.007989039272325107,20.0,0.0,10.546652532560175
sub-2026_8,1.0,0.011558368255394053,20.0,0.0,9.519022619422737
sub-2026_9,1.0,0.17240553978068293,0.28729240127556227,0.0,14.213586938188465
sub-2026_10,1.0,0.04445518391303954,20.0,0.43070141639806825,10.36137496109536
sub-2027_1,1.0,1.0,0.21878963696914785,0.5753096390531741,14.824312406593467
sub-2027_2,0.0100389332882063,0.0,20.0,0.0,13.441570159635054
sub-2027_3,0.0,0.004509522489022732,20.0,0.0,14.677920906375082
sub-2027_4,0.0,0.007989038292633192,20.0,0.0,13.618130903121992
sub-2027_5,1.0,0.13410547597847655,0.3555883154120896,0.0,12.535857320983464
sub-2027_6,0.003119243328988675,0.0,20.0,0.0,14.88524330297293
sub-2027_7,0.0,0.006433325645858707,20.0,0.0,13.94882769853612
sub-2027_8,0.017130071055319916,0.011558365099078174,20.0,0.0,9.79398761597789
sub-2027_9,1.0,0.09320072136833434,2.2092222598609186,0.3382616471928181,12.679559858919811
sub-2027_10,0.003704035428667947,0.003918586144666449,20.0,0.0,13.71693591146383
sub-2033_1,0.01321399291495244,0.020115811372454547,20.0,0.5832241060932328,14.542899166449216
sub-2033_2,0.0,0.018698713095706615,20.0,0.3662045686735705,13.34985176966563
sub-2033_3,0.0,0.002948516774612289,20.0,0.0,14.98826527705164
sub-2033_4,0.0,0.32097729779487005,17.73972537754889,1.0,13.862943649333372
sub-2033_5,0.0,0.02287985632421544,20.0,0.06389940781386479,11.272672792292262
sub-2033_6,0.0,1.0,0.044670189993481275,0.0,15.215820219734487
sub-2033_7,0.0,0.6151115581637584,0.22739377216231704,1.0,15.146850425582834
sub-2033_8,0.0033231191379501663,0.00394376837074301,20.0,0.0,14.644818122878283
sub-2033_9,0.0,0.06441602879763444,5.941018296620097,0.3590346486075881,14.73706464988413
sub-2033_10,0.009679040616795868,0.03528157289405595,20.0,0.06783572865232106,12.106899963574083
sub-2025_1,0.014644480171038952,1.0,20.0,0.7864261776396664,12.594736441830428
sub-2025_2,1.0,0.9661806852013513,0.18099282651937773,0.0,13.949983196416309
sub-2025_3,0.0,1.0,0.13987253597739713,0.0,14.737300238638978
sub-2025_4,1.0,0.047092946821300115,20.0,0.26394497004516604,9.299157282868187
sub-2025_5,1.0,0.4011326275542768,20.0,0.4201661168004583,6.912196122892569
sub-2025_6,0.0077552096000308894,0.01028038369717424,20.0,0.23288630296523247,13.75697561634619
sub-2025_7,0.0,1.0,20.0,0.6295967857940692,12.586981639756367
sub-2025_8,0.0,1.0,20.0,0.5576205673102518,12.380310871541083
sub-2025_9,0.0077491466764485414,0.01578417186013824,20.0,0.0,12.873570900405438
sub-2025_10,0.0,0.02855516719493436,20.0,0.0,9.505108347070584
sub-2031_1,0.14330622843335403,0.24511971052411669,0.4710312613536292,0.0,14.607590120583318
sub-2031_2,0.0013401576973142784,0.00937255759450177,20.0,0.0,12.54074073843595
sub-2031_3,0.9999999990365386,0.5063093541030734,11.08392460046689,3.296502684861762e-08,8.215378717846523
sub-2031_4,0.0,1.0,20.0,0.9342486975895409,13.908247830655087
sub-2031_5,0.4342597212691312,0.0,0.5938231701676263,1.0,14.3545371020965
sub-2031_6,0.0,0.013367999258857831,20.0,0.18521807883382738,13.863379612872395
sub-2031_7,0.005773038806594964,0.0,20.0,0.0,14.468415331792814
sub-2031_8,1.0,0.0,20.0,0.984005011585361,14.389756402147476
sub-2031_9,0.0013401563289301055,1.0,19.99999999998916,1.0,13.842913985739212
sub-2031_10,1.0,0.0,0.13987254623119252,0.0,14.737300238638978
sub-2019_1,0.0,0.0010882833296584674,20.0,0.0,15.16826804380664
sub-2019_2,0.020502809692616076,1.0,2.331022860315239,0.0,11.972329097737981
sub-2019_3,0.09020435303202738,0.42280172926078263,1.0149388503220635,1.0,14.764688756828123
sub-2019_4,0.0,0.13863595270557832,20.0,0.5608159686263792,10.570404637681685
sub-2019_5,0.003183794202751046,0.0,18.328942729814152,0.0,15.119229295406825
sub-2019_6,0.24326475022673472,0.0,0.49454039983362674,0.6538166083236456,15.006066354127192
sub-2019_7,0.001984538966961572,0.44997333282531216,20.0,0.0,15.101416704790116
sub-2019_8,0.06763443704135323,1.0,20.0,0.9210685335206564,13.723961981301388
sub-2019_9,0.002815474435191265,0.011887394891609853,20.0,0.0,14.029049460380811
sub-2019_10,0.35936676324088823,1.0,20.0,0.9142530019711724,10.902644322666239
sub-2018_1,0.00922078676937135,1.0,20.0,0.9527703833220672,13.898604231132401
sub-2018_2,0.2708011501858843,1.0,0.4131817483772409,0.19169983109528563,13.606291695738863
sub-2018_3,1.0,0.4873038052930383,0.11857808553670708,0.0,14.987796030947397
sub-2018_4,0.028881768075028,0.011414795606582257,20.0,0.0,12.79785728395518
sub-2018_5,0.22894983215278109,0.002482058447814101,0.7633660687419257,0.0,15.247821783435084
sub-2018_6,0.044164984116974455,0.0,20.0,0.7238478836243923,10.909166383749447
sub-2018_7,0.0,0.01475259551472628,20.0,0.3829051602374148,13.823565285787879
sub-2018_8,0.0,1.0,14.64088028135566,0.0,12.476649250079015
sub-2018_9,0.01963801902265181,1.0,20.0,0.8011102250759525,10.52343884484097
sub-2018_10,0.012328374558781833,0.0035969546810532354,20.0,0.36606592600770604,13.806340823809736
sub-2030_1,0.0,1.0,4.878464678486004,1.0,13.862944051681982
sub-2030_2,0.45448885040472964,0.0,0.3077578974879733,1.0,15.146850425582834
sub-2030_3,0.010533637039960212,0.010773239559069942,20.0,0.06074915918173803,12.899450768289501
sub-2030_4,1.0,0.016862919867732168,20.0,0.9181422291645372,14.258713331397606
sub-2030_5,0.0,0.11001972565328758,1.2713405811842555,0.0,14.83968778537494
sub-2030_6,0.0,0.8128884400548454,0.48411285134876014,0.629236268533903,15.022943123886689
sub-2030_7,0.01208451656711808,0.0,20.0,1.0,14.018598027995587
sub-2030_8,1.0,0.0,5.426402622553685,0.5993467815430601,13.760556160331795
sub-2030_9,0.0,0.0029326539179292646,20.0,0.0,14.747412335189164
sub-2030_10,0.0,0.0,1e-10,0.591353865606173,15.249237972318797
sub-2024_1,0.0,1.0,20.0,1.0,13.862943611198906
sub-2024_2,1.0,0.0,0.39849989047049617,0.0,12.468334721365423
sub-2024_3,1.0,0.0973662847461966,20.0,0.6368153012382254,12.19101408979867
sub-2024_4,0.0,1.0,0.13987253892479876,0.0,14.839687785374942
sub-2024_5,0.006811195737714272,1.0,20.0,0.4711471426425528,10.487410533213575
sub-2024_6,0.6565683219380769,1.0,4.702213193495203,0.9522210616084424,12.911001006066009
sub-2024_7,0.03524219642238022,1.0,20.0,0.7266646622247119,13.314366069983247
sub-2024_8,0.0,0.0030837901084027415,20.0,0.0,14.241580294651959
sub-2024_9,0.017114711505728877,1.0,20.0,0.3252337212389428,9.727723788570248
sub-2024_10,0.005821051854854777,0.047692610251512654,20.0,0.14215591736363642,12.429144816147927
sub-2020_1,0.0,0.6572998936997086,1.0514402748582188,0.0,8.557608637506902
sub-2020_2,0.04640583486156785,1.0,4.483693152586757,0.10890509811230507,9.32493286225608
sub-2020_3,0.0,1.0,7.180674314699007,0.0,6.93147180824533
sub-2020_4,0.8240339084665657,1.0,15.316892084257162,0.0,6.931471805599453
sub-2020_5,0.0,0.7383885987234519,0.45685116313685625,0.0,14.356940681469409
sub-2020_6,1.0,1.0,1.77951236642505,0.2140550708026271,8.1241849312182
sub-2020_7,0.0056191238505064346,1.0,20.0,0.4557058553033972,9.855388960067197
sub-2020_8,0.879695388169247,1.0,13.761471713789467,0.0,4.1588830833596715
sub-2020_9,0.0,1.0,20.0,0.5619934417636071,11.868775263047135
sub-2020_10,0.01445020564338854,0.009995794340196273,20.0,0.03803435206475257,11.735877801421445
sub-2034_1,1.0,0.06201559503268734,2.502246402953778,0.0,10.230212414286285
sub-2034_2,1.0,0.023208888028558403,6.359182741499253,0.02667825945118907,9.60167305433843
sub-2034_3,0.5769977620771245,1.0,20.0,0.6650912199415309,10.864482901077082
sub-2034_4,1.0,0.016841567844632383,20.0,0.5044968080620651,7.427991229795641
sub-2034_5,1.0,0.0009589212189911834,20.0,0.0,13.834290945880587
sub-2034_6,1.0,0.007591247414529227,20.0,0.0,9.703568124243146
sub-2034_7,1.0,0.0,15.726172623929234,0.0,9.704060527839234
sub-2034_8,1.0,0.0,0.5291336463047185,0.0,12.199383671304117
sub-2034_9,1.0,0.03043247544677785,20.0,0.6411154319558522,8.64209084100869
sub-2034_10,1.0,0.07870145263754384,20.0,0.8404364246793727,10.15860518560209
sub-2021_1,0.0002278134389302791,1.0,20.0,0.811832559917368,12.92593588078503
sub-2021_2,1.0,0.016302288405327277,20.0,0.9640504892203585,13.236844248054386
sub-2021_3,0.6541447278971513,0.9534361357680204,5.20337614769834,1.0,13.862943954980127
sub-2021_4,0.20096327877847325,0.20096326409078674,0.69601049524071,1.0,15.04446287884687
sub-2021_5,1.0,0.4940465124793118,20.0,0.4126549579748824,10.885616036288887
sub-2021_6,1.0,0.0,20.0,0.8898533900752532,14.40563368039976
sub-2021_7,0.0,0.0,1e-10,1.0,15.249237972318797
sub-2021_8,1.0,0.6121540856427797,0.2532886376398784,0.09729782039572159,13.955228433178643
sub-2021_9,0.006154015811662052,1.0,20.0,0.0,9.449834476554456
sub-2021_10,0.0,0.0032298018584199497,20.0,0.009955171725468472,15.018407919904854
sub-2009_1,0.0012449147907361323,0.028623304332259947,20.0,0.0,12.116665102470504
sub-2009_2,0.17076185942098213,0.41183015785367205,0.819108718370573,1.0,14.25455313473345
sub-2009_3,0.0,0.46986048956121473,11.402714420978905,0.0,12.476649459293116
sub-2009_4,0.0,0.013636305831258628,20.0,0.0,13.163580602441858
sub-2009_5,0.019599538366829376,0.0007249449666309178,7.990781989182604,0.0,15.142523024789746
sub-2009_6,1.0,0.0,20.0,0.5580585042861943,9.933907582129095
sub-2009_7,0.20519996865006365,0.015617004718307586,20.0,0.7726104728984097,14.154542125660841
sub-2009_8,0.3102727422887803,1.0,0.09074174639173356,0.0,14.979823575828911
sub-2009_9,1.0,0.0,0.2873524084965685,0.20221971658885815,13.912836604182187
sub-2009_10,0.7707358510811221,0.0,0.18147921719465854,1.0,15.146850425582834
sub-2037_1,0.0,0.9999683170691032,0.448752209902491,0.0,13.327002670567976
sub-2037_2,0.0,0.9297303469850997,0.3246434712514541,0.22615093652424023,15.146850425582834
sub-2037_3,1.0,0.04607835085957196,20.0,0.9437616086772963,12.541865748095093
sub-2037_4,0.002157452602675455,0.015943873978472616,20.0,0.0,14.143164728061718
sub-2037_5,0.9891399749814267,0.0,0.14140823544244124,1.0,14.942075332110905
sub-2037_6,0.0,1.0,4.441037759968446,1.0,13.862945247434276
sub-2037_7,0.621504177155532,0.0,8.127728248820544,1.0,13.862943873374581
sub-2037_8,0.0,0.007455896804969695,20.0,0.7999164448972309,14.998146892126078
sub-2037_9,0.007819658505769194,0.004803928679252769,20.0,0.0,12.959604036234325
sub-2037_10,0.0,0.845526183501322,0.40010139667655775,0.06203289176461599,13.480163031935543
sub-2023_1,1.0,1.0,20.0,0.0,4.1588830833596715
sub-2023_2,1.0,1.0,20.0,0.9479689279837313,9.78626147160635
sub-2023_3,0.010618519071525641,0.009693218255791867,20.0,0.0,11.629741449068256
sub-2023_4,0.023249200935541475,0.021432694418269997,20.0,0.0,11.439279861924138
sub-2023_5,0.03260005730218466,1.0,20.0,0.7638529407026315,13.823128154249787
sub-2023_6,0.014415176676778647,0.007530103844214057,20.0,0.0,13.555908179217507
sub-2023_7,1.0,0.4420733312706438,0.949730905642148,0.2481727133110398,11.037637760718638
sub-2023_8,0.007571944112930266,0.029169665982294955,20.0,0.0,12.214755802889687
sub-2023_9,0.014311891048928627,0.025391285066280973,20.0,0.0,12.808744517189822
sub-2023_10,0.7946102141217125,1.0,0.5025989100593362,0.5499903398529049,13.624693308991446
sub-2022_1,0.0,0.0,1e-10,1.0,15.249237972318797
sub-2022_2,1.0,0.954011438294472,0.13987254056317966,0.0,14.839687785374942
sub-2022_3,0.37268997639831886,0.0,0.3753053384527704,1.0,15.146850425582834
sub-2022_4,0.003323310478380513,0.005050046200794716,20.0,0.0,14.812680798956233
sub-2022_5,0.03323727660573698,1.0,2.896796030914732,1.0,13.586478140728339
sub-2022_6,1.0,0.0,19.103782796736564,1.0,13.862943611198906
sub-2022_7,0.010237335601523834,0.040769749186915866,20.0,0.3365420257517963,12.310204845021254
sub-2022_8,0.015847091115181906,0.007424963528849001,20.0,0.09708396758062038,11.759735594818032
sub-2022_9,0.17730185540864796,0.1773018708864377,0.788894911241439,1.0,15.04446287884687
sub-2022_10,0.008390551416362788,0.02898432051941376,20.0,0.40239215568733067,13.447684358154174
sub-2036_1,0.0,0.04015205154441124,20.0,0.6113215347004037,14.236847725923274
sub-2036_2,0.0,0.8039933488798684,0.10117233834394404,0.0,15.067742171504266
sub-2036_3,1.0,0.0,0.795479698041733,0.5288525637355929,13.520727187223564
sub-2036_4,1.0,0.0,0.23849399106543895,0.0,13.409690445410448
sub-2036_5,0.15420651573694258,0.5737068149748655,0.24380489096669625,1.0,15.146850425582834
sub-2036_6,0.008776207752765603,0.0,20.0,0.0,12.284838549659991
sub-2036_7,1.0,1.0,20.0,0.770170081822184,9.78189396846217
sub-2036_8,0.0,1.0,8.138061300551673,1.0,13.862943611223855
sub-2036_9,0.0,0.0,1e-10,1.0,15.249237972318797
sub-2036_10,1.0,0.053199967202474906,0.2627030244055035,0.0,13.456320313587812
