Subject,a_gain,a_loss,beta,iProbA,iProbB,iProbC,llh
sub-2013_1,1.0,0.0,0.22466545669089014,0.8112908776193767,0.50000001075445,0.8112907298381162,9.93363819910922
sub-2013_2,0.16529876824391243,0.0,0.13773764221264112,0.043359731876915865,1.0,0.500000043963333,10.757261141730911
sub-2013_3,0.6102530293626868,0.6288192825646552,0.31853582970228567,1.0,0.280444535098037,1.0,8.954635483755707
sub-2013_4,0.00810367788342657,0.4927904662283986,20.0,0.0,0.5041321135760101,0.9788916732705217,4.992303313613999
sub-2013_5,1.0,0.4195767216621447,0.19564558478567215,0.1425356582726766,0.8282828686861022,0.6627327277963847,10.446715574486921
sub-2013_6,0.2941381715400665,0.0,0.8111943485482226,0.4137861858422887,0.586213961913999,0.34105319896162667,8.996194087680186
sub-2013_7,0.0,1.0,5.090874103498743,0.5137347641006268,0.522062790444102,0.5000008914775491,8.649731634672376
sub-2013_8,0.0,0.021823066021972204,20.0,0.5034968031191797,0.5121714636868586,0.5090219524561178,8.88803327253299
sub-2013_9,0.010858861381225767,0.1209745573725376,20.0,0.49455735015572244,0.48830312767587725,0.0,6.759929126716101
sub-2013_10,0.008015870036380712,0.0,20.0,0.5041760696992437,1.0,0.5084333436396762,5.5925529727485594
sub-2007_1,0.0,0.2083037830564916,18.482229814425388,0.5037839693272929,0.0,0.9999949122913113,3.8517212909452043
sub-2007_2,1.0,0.0,5.54025513431473,0.4999963392362934,0.1253061952570903,0.49391439271718673,8.217192458163577
sub-2007_3,0.0,0.0,0.33733369892019216,0.0,0.2926792725286539,0.16699818108363898,9.041340908259809
sub-2007_4,1.0,0.015905106743588984,20.0,0.0,1.0,0.49851276964572383,3.0963657124986774
sub-2007_5,0.022049578637396323,0.30870305224355143,13.562905729231899,0.5413798647455272,0.6993419712526228,1.0,4.804461750392427
sub-2007_6,0.18475636120480612,1.0,0.39046065969268917,0.5640932965310899,0.32088779644348436,1.0,8.86498664641539
sub-2007_7,0.402410300204477,0.0,0.8485362217853796,0.3012261409825771,0.5824199163284959,0.4175802430425923,8.996194087679891
sub-2007_8,0.0,0.29876979790245284,1.1213631360913674,0.5000000047084812,1.0,0.4645281995643235,8.600710763237794
sub-2007_9,0.0,0.026168317480232923,20.0,0.4959369138898772,0.7752987571123937,0.5095464278401445,6.397515087704716
sub-2007_10,0.003046496671604175,0.02711480404917082,20.0,0.5131279068990686,0.5046490635797483,0.31924247557756036,8.48943627815808
sub-2006_1,0.25437275421712846,0.9757696861689048,0.7300985115521231,0.2686719239437716,0.6283424462267235,0.26898071573112375,8.692968592238898
sub-2006_2,1.0,0.0,0.13987253107928674,1.0,0.0,0.0,10.27125451507142
sub-2006_3,0.0,0.408833560850006,5.055361075350601,0.4666411162743086,0.48616496893156813,1.0,8.299825779045023
sub-2006_4,0.0,0.06122574789371591,0.1585530551080247,0.05890875626423424,0.9410899853840676,1.0,10.27114340102001
sub-2006_5,0.0,0.0363302383477773,5.098169323667365,0.49999995315626694,1.0,0.5330834845987635,8.709375919298658
sub-2006_6,0.01656147853077622,0.6149696834703251,20.0,0.4915820763145013,0.49161333989783645,0.4915666604911752,8.421920158432346
sub-2006_7,0.0,0.4878283357841136,5.745328995357142,0.500000180151432,0.9999999999992317,1.0,6.624309265672863
sub-2006_8,0.005148873920749528,0.0,20.0,0.5072646435575147,0.5020227253992713,0.0,8.22361915120482
sub-2006_9,0.0,0.00819103798110983,20.0,0.508433338550518,1.0,0.500158728603377,7.375502569161591
sub-2006_10,0.0,0.0,0.13987253460726742,1.0,0.7410647192605185,0.34031820657908207,10.853975741039932
sub-2012_1,0.6825018401641598,1.0,5.4972828873764445,0.5127258064873337,0.49999990142582895,0.4693183442608564,5.9367871831585886
sub-2012_2,0.38591606427226394,0.5083641154204747,19.999999968698617,0.0,0.5034967907504782,0.9998593089073842,3.1641982515274436
sub-2012_3,0.0,1.0,5.491345182204597,0.4872656979684165,0.520454042705959,1.0,5.8771428837505715
sub-2012_4,0.7360559383744779,0.022089444273900437,20.0,0.0,0.49298762358818693,0.49920176621216683,5.052315951083073
sub-2012_5,0.0016618059230608456,1.0,20.0,0.4960842616311778,0.5044268856717496,0.49650318056023385,8.421254283198897
sub-2012_6,0.0,0.9999921020886828,0.25787663713489956,0.4999999613190171,0.7712005457029139,0.5000000226727411,10.093266472000874
sub-2012_7,1.5341206252672825e-06,0.5066203131077901,10.03222220080205,0.5069707493156494,0.9992879615125215,0.9992876990930473,5.135627647474767
sub-2012_8,5.5222261843279126e-08,1.0,5.635863826750922,0.4875901151265439,0.5124073839312766,0.4875918595541913,5.1356274423655455
sub-2012_9,0.0,0.7981053171637792,5.069056260369437,1.0,0.4910512734257822,0.5137945485534039,9.33225884651979
sub-2012_10,0.0,1.0,5.45081264326687,0.5040976788647478,0.4871715751304702,0.48717148807933297,7.977185938951097
sub-2004_1,0.02040331363080329,0.008081310477318658,20.0,0.49996246470407396,0.4994102522742579,0.5080240897186596,8.381115718426983
sub-2004_2,0.008969265637583957,0.0022332531171502467,20.0,0.48894714018092955,0.49650316566021274,0.503496813779956,9.14299768414728
sub-2004_3,1.0,0.7966134807571326,0.7471157076082433,0.40639164331926503,0.6175905807741687,1.0,6.473908973221677
sub-2004_4,0.008310036816587133,0.5536515084578157,20.0,0.5089908882253447,0.8964821933304804,0.0,2.4721036962329683
sub-2004_5,1.0,0.0,5.301092395460719,0.486808416704626,0.5131944442316142,0.45767599124037683,6.08836847710772
sub-2004_6,0.013936190400602524,0.005749354826653482,20.0,0.499073600951012,0.4970138745876112,0.4618280960451594,8.446959252419644
sub-2004_7,1.0,0.5125466870371054,5.5739914003586915,0.4874559348780516,0.5125457259856249,1.0,6.419534241663189
sub-2004_8,0.1233780038391833,0.30269862486079785,1.148887427629641,0.6814359785003855,0.0,0.7422500699050444,5.550749055944232
sub-2004_9,0.0,0.026745245599186417,20.0,0.5014117511717725,0.5084333313088184,0.5059782466301919,8.079786089911291
sub-2004_10,0.29414253755006076,0.0,0.8111818388434365,0.5862153397198161,0.4137845711260402,0.22340486707049848,7.968659656152393
sub-2010_1,0.021435917278491957,0.0,20.0,0.4953051897738383,0.4915666548641372,0.5011167577908,8.778355455139376
sub-2010_2,0.3328732688963102,0.0,0.22486311608237824,0.8110170534437493,0.8110171209120073,0.00043950246155154284,9.72886310563727
sub-2010_3,0.0,0.0,0.3373336853131081,1.0,0.0,0.7073207473939636,8.896210120316498
sub-2010_4,0.060803682742411325,0.5139059907643867,5.025238366335812,0.4860836872058077,0.9999747864990656,0.447355113867368,6.347043875659118
sub-2010_5,0.0,0.02410209543935279,20.0,0.5034968112328484,0.5084951376260795,0.44962734723391573,7.528930072283277
sub-2010_6,0.0,0.07851674509731005,0.13987253513267947,0.34031825131695254,0.0,0.0,10.544999402695002
sub-2010_7,0.008900224073654232,0.0,20.0,0.497373978989855,0.49680789508324424,0.5034968092971168,10.386560806746088
sub-2010_8,0.0,1.3361907812888617e-08,0.25788509748999316,0.5000000076054317,0.2288084532865083,0.9999775750808111,9.888491378528954
sub-2010_9,0.786180805930889,0.22452702053836832,0.3171792337641859,0.2795055085495059,0.2540167044530273,0.54771960089516,9.635088564258126
sub-2010_10,0.06960644873439832,0.04799239783161463,1.8696041535142383,1.0,0.46259300730323816,0.5584427690655975,9.295654648185588
sub-2038_1,0.005436572601008106,0.5728484479765708,20.0,0.49414764278864215,0.5034968105256205,0.0,7.539889344148517
sub-2038_2,0.005168890247686519,0.8800275195017714,20.0,0.4962323305334332,0.5089787395836272,0.49156665205209044,8.09238020462598
sub-2038_3,0.005965507954701841,0.740825323858009,20.0,0.497227893801244,0.48990618543686765,0.503496809344009,9.578316540772981
sub-2038_4,0.0,0.0,5.122646759912982,0.5136505949500808,0.513651165716606,1.0,8.987347921089528
sub-2038_5,0.0,0.0,0.25787350795403957,0.7712037950222201,1.0,0.49999997544082375,9.888491378528943
sub-2038_6,0.0,0.0,0.139872544403649,0.6596818118469476,0.6596818133762371,0.0,10.818744290318582
sub-2038_7,0.014894797982123368,0.0,20.0,0.498881911512907,0.4935916164713992,1.0,7.396029611669269
sub-2038_8,0.030342789426140195,0.4872075842140814,5.463979463046076,0.4905754633091418,0.5060329341242098,1.0,7.809896929706644
sub-2038_9,0.05410106335402132,9.786372596260874e-07,5.030325975387144,0.4860980186455347,1.0,0.48609943355086027,8.98734798988649
sub-2038_10,1.0,0.011335505232730135,20.0,1.0,0.5034968132450268,0.5149135438877889,6.292269644520182
sub-2039_1,0.8924271136701029,0.01840103829542537,20.0,0.0,1.0,0.49871328085564626,3.2129859505200855
sub-2039_2,0.0,1.0,5.704947584442375,0.5122585575035128,0.496085030407952,1.0,6.693279070409537
sub-2039_3,1.0,0.7183567267252631,5.515807172108281,0.4873215142294746,0.48732192495488375,0.48732374572465326,6.419534275279407
sub-2039_4,0.0,0.7046198276513055,0.7481451821937086,0.5062476177879467,0.7780966462346391,1.0,7.036165656525445
sub-2039_5,0.0,1.0,4.92497388972373,0.5141988759107298,0.5228048301089513,0.4858012558655043,8.444956701717595
sub-2039_6,0.6764340978137758,0.7697207733204071,7.769785042052462,0.9924825898303359,0.49100147993968773,0.471123752803233,3.520554645808402
sub-2039_7,0.2592978432197629,1.0,5.757076618180687,0.48785165409072445,0.5000016074806033,0.4878514391640891,5.3404024815606155
sub-2039_8,0.022976376568603993,0.6136771997345704,20.0,0.49498630659190196,0.48878154449346767,0.49650319006728955,6.328179200529149
sub-2039_9,0.9117366267517145,0.01995496229894153,20.0,0.49156665959468526,0.49364968293941114,0.4987978048926299,6.7949556299792935
sub-2039_10,0.02003619709093413,1.0,20.0,0.4949575302834473,0.5050766638718542,0.4965031834534048,5.370699919601652
sub-2011_1,0.5176836558291671,0.03790222106579892,20.0,0.0,0.5047051089536437,0.502390012750987,5.240740967778424
sub-2011_2,1.0,0.8582477712379748,5.668321565284603,0.5000003424064025,0.48766356557561424,0.4876636467432798,6.624309294644804
sub-2011_3,0.9726944043721246,0.4860527681727315,10.230724350432698,0.4931655842535555,1.0,0.4931642141186464,3.8517207193522003
sub-2011_4,0.00716631716729661,0.49583418536441165,20.0,0.49822114903699827,0.5034968093063149,0.9986730564170354,7.802603912661518
sub-2011_5,0.500225751859696,0.010103578022405512,20.0,0.48878154847181693,0.5034968038872368,0.5016508864505513,8.470051871148266
sub-2011_6,1.0,0.5562129973835728,0.4849291657950308,1.0,0.3557804506301321,0.26710046550649913,8.084445621166958
sub-2011_7,0.0,1.0,5.989212056730347,0.48832423009779363,1.0,1.0,3.851720525189329
sub-2011_8,0.0,1.0,0.5291336480067194,0.3678287129571589,0.818760387094436,1.0,6.943428203623133
sub-2011_9,0.7186088320885058,0.024745345952423697,20.0,0.0,0.49999999903607195,0.5051678716890463,5.664719111757134
sub-2011_10,0.0,1.0,5.750000299102443,1.0,0.5390177746006433,0.5121623479336603,3.520554731210525
sub-2005_1,0.0,0.0,5.3170670883253,0.47575196569338274,0.0,0.5131530559294422,7.115902895609124
sub-2005_2,0.0,0.8334887445585328,0.33733370811463725,1.0,0.5000000050733108,0.707320679117397,9.200969181151486
sub-2005_3,0.013890122722861114,0.002843378460126538,20.0,0.49650318667535553,0.4971891180790549,0.49852733661854315,10.187080131456266
sub-2005_4,0.0,1.3663910902654042e-05,5.7675525286141065,1.0,0.5038728493035846,0.5121288023179803,6.6932790677151495
sub-2005_5,1.7981529998248664e-06,0.9849302063826744,5.6415012628066235,0.0,0.5123946765585085,0.46023019515669616,4.804461560921448
sub-2005_6,0.0,0.10565847803644024,0.13987253689898674,0.0,0.20922851377475638,0.11040400151584884,10.601696447936702
sub-2005_7,0.008191050923583059,0.0013778177750543585,20.0,0.49984126899268994,0.0,0.4993331823288132,9.038952071363417
sub-2005_8,0.0,0.1531649027924752,0.4023183123248232,0.45261894646024275,0.32616684591548245,1.0,9.818540253662542
sub-2005_9,0.0,0.0,0.2746927690943099,0.7545981340646037,0.030614703884693006,0.58130934843455,9.957461172680595
sub-2005_10,0.0,0.07369132397844178,0.3684154989649575,0.582273914816226,0.43937526753831124,1.0,10.121201980145313
sub-2001_1,1.0,0.8514918806718966,0.731911718468415,1.0,0.5955528870751817,0.42393454288183274,5.404415344879996
sub-2001_2,0.02002599664206393,1.0,20.0,0.4999398662693779,0.4903974031695575,0.5034968128913193,6.064477735328219
sub-2001_3,0.03349760983259848,1.0,5.555854450363148,0.5125868111086087,0.46964600568080206,0.4874115742410256,5.732012061858756
sub-2001_4,1.0,0.000130039518602576,0.10266275878150846,0.0,0.0,0.7322276238441527,10.634450352821132
sub-2001_5,0.8922341377860993,0.514321550043768,10.365302328155044,0.5067471310440436,0.5067471393426207,0.9959835506110954,4.448105407265155
sub-2001_6,0.0,0.006410705270167492,20.0,0.664672993049517,0.49767391549067125,0.4944834765341738,9.5594002217304
sub-2001_7,0.6599733313511971,1.0,5.780778256138088,0.4879022361916834,0.4879035337990403,0.4879034414265687,5.135627378420284
sub-2001_8,0.020416449118982032,0.49634809088118714,20.0,0.49950656856062653,0.499865727305402,0.9996920670370648,6.051470866507046
sub-2001_9,0.0,1.0,5.581596137860277,0.0,0.5125293761444312,0.4697833295049089,5.732012037187932
sub-2001_10,0.9438486819082004,1.0,5.294949561523758,0.4681465417563199,0.49999962897175876,0.46814632619117197,6.533171838386622
sub-2002_1,0.0,0.394741913394678,0.13987255923774855,0.0,0.4999998368342536,0.7410646156237507,10.785005946888308
sub-2002_2,0.0,0.0,5.390548818784629,0.4958565867323314,1.0,0.48702531992756903,7.977185964619379
sub-2002_3,1.0,0.0,5.555606551830535,0.45961532460367427,0.5303599799071965,1.0,4.116939387599915
sub-2002_4,0.0,0.4405002302047448,0.3373337560103728,0.4337893335373075,0.9999999183997894,0.11777692821868116,9.269938975303134
sub-2002_5,0.8109266626076863,0.0,6.335179196305451,0.4999974788468426,0.5110388981673714,0.5177297428212025,8.649731607516742
sub-2002_6,0.0,1.0,5.118643143407221,0.5065856732613098,0.500002777209026,0.5136648407236946,9.501099363990011
sub-2002_7,1.0,0.0,5.077890500817783,0.5137716077673036,0.49999949507623115,0.48622737006389094,9.192123037225457
sub-2002_8,0.0,0.0,5.832804297380939,0.49999847172551903,0.0,0.4961726900392587,6.898054140299626
sub-2002_9,0.0,0.3423072632381632,0.6316817247731084,0.2329876186702671,0.5239689064549719,1.0,8.723520930214747
sub-2002_10,0.0,0.05428372423174309,5.012670910786373,0.0,0.5139521687937755,0.5139516630332802,8.987348013873596
sub-2003_1,0.0,0.05986961062424623,0.33785308491309585,0.5661088980176672,0.29299797411483164,0.0007686415658486794,9.85747720531754
sub-2003_2,0.0,0.5138354929111486,5.046548279440215,0.4861410197226196,0.4933185116215149,0.9999524892214244,9.29632430584573
sub-2003_3,0.0,0.007055055745531257,20.0,0.49156664145868967,0.49355316423368056,0.5047822786390962,9.062312591122248
sub-2003_4,0.1501879221991702,0.0,0.33709559826868124,0.37212273737709767,0.0,0.4999999287298699,10.117021285742757
sub-2003_5,1.0,0.4065603743297704,0.15324424061762637,0.04362865641888981,0.043628937659306234,1.0,10.384686926593817
sub-2003_6,0.0,0.0,0.1398733488604219,2.899330506411631e-06,2.8899003755826374e-06,0.4999999910157177,10.476029608543342
sub-2003_7,0.0,0.41598642348398024,0.8426843207602988,0.5829923264048781,1.0,0.8790314414175365,7.5590934412456505
sub-2003_8,0.0,0.0,5.050695061746876,1.0,0.5066759021694751,0.4744743240342901,8.708786080605268
sub-2003_9,1.0,0.8782702111094453,0.5927683217258053,1.0,0.382017515382335,0.38201753416728634,6.551123993387236
sub-2003_10,0.21558628760686094,0.23073994295409653,0.45397642975883046,0.2160376564422894,0.733893299928785,1.0,8.850930678527886
sub-1009_1,0.0,0.0,0.1398726442794494,0.999999613290133,3.4811762103124056e-07,0.2589354751719685,10.580230853416351
sub-1009_2,1.0,0.00563047521061875,20.0,0.5034968031453375,0.4965031977695276,0.5042435264359444,7.7847717320657965
sub-1009_3,0.532713185973938,0.19550352988893555,0.20867277930922004,0.8351480805624331,1.0,0.1188222794728525,10.165048876017766
sub-1009_4,0.0,0.9910957430730871,0.14407970563681177,0.7822808756451258,0.01460014445557593,0.042302832523885114,10.601696447936703
sub-1009_5,0.0,0.0,0.13987254139994426,1.0,1.0,0.6596817830387925,10.544999402694996
sub-1009_6,0.0034158672557931887,0.4965001102442676,20.0,0.4969876559655524,0.4906560398243519,0.9999938914557209,8.53245055541999
sub-1009_7,0.7924138114200167,0.0,0.3376911346021647,0.7071013104068395,0.0005292500387393829,0.4001503730723319,9.892708656038893
sub-1009_8,0.8343245998940576,0.0,5.248485350594081,1.0,0.5133240860114643,0.502545662107864,9.479267412098396
sub-1009_9,0.016995953775434204,1.0,20.0,0.4931288546052173,0.0,0.500000000034702,5.9947670766371335
sub-1009_10,0.0,0.966065161190244,5.048593863391107,0.5044241074370157,0.4777522738417616,1.0,8.718701453980286
sub-1021_1,0.0,0.7472514254376101,4.999492286187004,0.5139883966546844,0.5224686590232699,0.0,8.444956597779969
sub-1021_2,0.0,0.02048050802539985,20.0,0.49650318279726663,0.5034968041160951,0.5003198627857147,8.620097708044206
sub-1021_3,0.022057876154853134,1.0,20.0,0.49842608641731617,0.4991753576220647,0.4965031902678082,7.389044993184616
sub-1021_4,1.0,0.015468462324560606,20.0,0.4965031797594341,0.5028233821368457,0.5066398571864803,8.269669531333463
sub-1021_5,0.016063863435492542,1.0,20.0,0.49595612373906167,0.49354540681737225,0.5034968135150701,7.0805383441251655
sub-1021_6,0.07573826936846297,0.8345585203180569,1.7654675044280388,0.4489931063155114,0.0,0.3729124476051446,7.425040258841223
sub-1021_7,0.0,1.0,5.3354513655791544,0.4868939728565854,0.5041863621737327,0.5131086806464846,7.9771860002498
sub-1021_8,0.49401891210052074,1.0,0.0999905346453707,1.0,1.0,1.0,10.775998789860537
sub-1021_9,0.8935556977241252,0.2931757386062074,1.5413919113233912,0.45462783552345265,0.0,0.7060327817198113,4.801146320065159
sub-1021_10,0.0,1.0,0.448737983791518,0.499999982011918,0.5000000303493347,0.6558510132556578,9.065732040472351
sub-1035_1,1.0,2.1074954861284907e-06,5.896538062403865,1.0,0.5118582996149668,0.4881427204052156,3.851720561247571
sub-1035_2,0.0,0.4761388678537186,5.28486583893026,0.5025306071982714,0.5132320614422354,1.0,9.47926742646286
sub-1035_3,0.005916143126314597,0.03314179088531875,20.0,0.5047848388407259,0.4983782996916105,0.9999999731543618,4.8749834002752905
sub-1035_4,1.0,0.5539405774818648,0.337333698859093,0.7073207273529656,1.0,0.11777684997290054,8.308671890302092
sub-1035_5,0.006137317858168445,1.0,20.0,0.5016860660629867,0.4915666555976692,1.0,6.209419523878417
sub-1035_6,1.0,0.0,0.5291336447471198,0.5000000121046683,1.0,0.36782873330236804,7.835725494472521
sub-1035_7,0.17341198793354584,0.4567513211696733,18.48862129027578,1.0,0.5037826606011059,0.0,1.283906814396576
sub-1035_8,1.0,1.0,5.860956765488719,0.48806786680570796,0.5119327901556008,1.0,3.8517205590036436
sub-1035_9,0.0,0.5125858095362537,5.44884580653813,0.504099371923842,1.0,0.9994907530753904,7.977185936489348
sub-1035_10,1.0,0.0228750864889718,20.0,0.4965031797587972,0.5066955238818394,0.5106550836085848,6.902571833566036
sub-1034_1,0.0,0.1651150305603154,5.030796365752972,0.5139015187670307,0.4860992237183964,1.0,8.9873479803436
sub-1034_2,0.21957008995832772,0.6842775239157962,0.6458115554331927,0.4641906488573147,0.31931590026248957,0.23882963679620678,9.217726608301557
sub-1034_3,0.034895487447275116,1.0,5.321143708717249,0.4683039680381721,0.4868567547828525,0.4683034350869337,6.328396727232829
sub-1034_4,0.013796447992329852,0.0162529001214229,20.0,0.4925340254997318,0.49953526136298143,0.49919683620584204,8.954354399890228
sub-1034_5,0.001783512464477839,0.23790995304186757,18.213357488813017,0.5048945984090373,0.5114800868157459,0.5038368160168083,8.089719659529573
sub-1034_6,0.0,1.0,5.940775903563326,0.5377657193844955,1.0,1.0,2.2366478753408785
sub-1034_7,0.6945725815011615,1.0,7.988974688434684,0.5087521572151023,0.4912437361141239,0.0,2.5678136913264127
sub-1034_8,0.6339574326442939,0.7692634806788807,19.999999002359004,0.3383422531262187,0.7372408418624475,0.503496957398705,1.2839068183048838
sub-1034_9,0.0,0.00827446776021124,20.0,0.4965031847015369,1.0,0.4982807523761032,6.021386252628551
sub-1034_10,0.24177086613068244,0.5598567990998505,0.4319607353750547,0.6619041799573724,0.10953202011663365,1.0,8.83137766266704
sub-1020_1,0.00925222232253787,1.0,3.2162493120501536,0.50372409141993,0.4782554402483407,0.0,7.990647291162741
sub-1020_2,0.6775632566972907,0.610362991961872,0.2232593852040261,0.0,0.7648020990825366,0.5280296050109916,9.750014140826634
sub-1020_3,0.0,0.7011168121575653,0.22466543749749865,1.0,0.18870931111458994,0.49999998390685774,9.933638199109211
sub-1020_4,0.0,0.03530067053033107,20.0,0.5089732536233224,0.5084333407562227,0.49588860759407194,7.010467983935234
sub-1020_5,0.021435924299789973,1.0,20.0,0.49530518863020584,0.5034968140988606,1.0,4.056505507357011
sub-1020_6,0.0,1.0,4.992862371105599,0.5449382149918731,0.46621936340590614,0.4859934313907761,6.684753155279125
sub-1020_7,0.0,1.0,5.923357465960061,0.6745385172675885,0.49430699441101794,1.0,5.444603673539294
sub-1020_8,0.0,1.0,5.65251934975309,0.5228110363808159,1.0,0.5123708154591162,4.548089202650849
sub-1020_9,1.0,0.0,0.3984998841068887,1.0,0.09801425639623029,0.32450114568055766,8.002288997797862
sub-1020_10,1.4119223810949015e-06,1.0,5.6442968115567,0.5228420142199969,0.4876128490283547,1.0,4.548089213896074
sub-1008_1,0.0,1.0,5.700782228766424,0.4960815539432767,0.5122681276114252,1.0,6.693279072409101
sub-1008_2,0.0,0.012050565794465519,20.0,0.49355316015476036,0.49650318807545607,0.4981439121161677,8.7616785832208
sub-1008_3,0.0,1.0,5.614833352242557,0.5300361200607193,0.4999993537828091,0.5124558029733206,5.936787121651692
sub-1008_4,0.0,1.0,5.359724217745217,0.49999777614253343,0.5418575072480472,0.5130478862175529,6.29314354556087
sub-1008_5,0.20430230907478242,0.021010311848390594,20.0,0.4950148063755656,0.5000000015036117,0.4978258641392354,7.79499125940006
sub-1008_6,0.9710459565282656,1.0,5.564074823758269,0.5125710883669152,0.4874324488153771,0.5125705519911218,6.419534249168521
sub-1008_7,0.0,1.0,5.442079131456084,0.4871491243196791,0.5000030236834221,0.0,7.9082161544270075
sub-1008_8,0.0,1.0,0.13987245158496478,0.5000000388493498,0.0,1.0,10.680804702015433
sub-1008_9,0.0,1.0,5.51939688858239,0.5305586888522709,1.0,0.4873291909021485,5.044489870454383
sub-1008_10,0.0,1.0,5.06467703381253,0.49999999793635547,0.49999966070843127,0.4557011338842567,7.78182548014614
sub-1036_1,0.9948061391630292,0.4849303224448883,6.587902994422831,0.5106139518706757,0.4743984815121684,0.08375592796232033,3.1641983323454625
sub-1036_2,1.0,0.0,5.146578130626189,0.5135812558991805,0.5327696205412025,0.5065523811312358,8.608802075377055
sub-1036_3,1.0,0.9698649913243379,5.54577011917284,0.4695865402042238,0.5126088459177295,0.48739182751290194,5.732012063107424
sub-1036_4,0.7145484839576375,0.0,0.40625325973257587,0.31080609598681913,0.32785055996280116,0.4999999866817075,8.989936429224137
sub-1036_5,0.02529479550567859,1.0,0.10266275408950255,0.43493962563803146,1.0,0.0,10.634450352821133
sub-1036_6,1.0,1.0,5.673990435908464,0.5123240882047692,0.47027950023062176,0.48767557345076035,4.44810524889821
sub-1036_7,1.0,0.0,5.151999511670777,0.5135703920181376,0.4864289502806844,0.502592977572273,9.47926747444994
sub-1036_8,1.0,0.023243770194291295,5.877699748821706,0.0,0.4881010285028453,0.5118986592171539,5.340402467016507
sub-1036_9,0.8234168978669145,0.09798592084266895,2.288568391532818,1.0,0.6125925155907492,0.4895172747272482,4.257622969738407
sub-1036_10,0.8616528677743848,0.8843886478338177,6.714208120080619,0.9833676250154685,0.4895848381332505,0.5104161617320914,2.567813688688654
sub-1022_1,0.0,0.0,0.13987253714189132,0.0,1.0,1.0,10.271254515071417
sub-1022_2,0.0,1.0,0.25787349709808105,0.22879621549859266,0.0,0.0,9.096178055042605
sub-1022_3,0.0,1.0,5.914167220267193,0.9830261158223734,0.4942995981225151,1.0,5.444603677045244
sub-1022_4,0.0,0.0038613488685676277,20.0,0.5000000026596267,0.5084333371261974,0.4997009453919073,10.01198439098939
sub-1022_5,0.0,1.0,5.547556170406307,0.4767606990317856,0.530402968708445,1.0,5.1444738327550885
sub-1022_6,0.0,0.019938742715696636,20.0,0.4999999965531842,0.4980017915989877,0.5095711109211296,9.100698086874976
sub-1022_7,1.0,0.09103258335495476,1.7750533445603407,0.49999999972478487,0.5393995095562425,0.5969471582898913,8.933929973776834
sub-1022_8,0.0,0.4715276291430021,6.335202536709005,0.9252331355783321,0.0,0.49647424657822226,6.693279066797909
sub-1022_9,0.0,2.9734755855088263e-08,5.245433239608847,0.5025449675131186,0.0,0.5133324238474116,9.479267418791654
sub-1022_10,0.0,0.026641683466032275,20.0,0.4999999971560007,0.505513472826794,0.5159388279014089,8.606922724277922
sub-1023_1,3.745155330590828e-07,1.0,5.359363329107441,0.5130487510776748,0.4869517107924267,0.46852980898745356,7.015918900450548
sub-1023_2,0.0,0.00525928567832358,20.0,0.8593661318176545,0.49680673119131163,0.5092288822154749,8.99497948055741
sub-1023_3,0.0,0.5201729321950661,10.902101291598676,0.5064141258070554,0.5020488422102839,0.4935861910645242,7.977185846892847
sub-1023_4,5.745659720042515e-07,1.0,5.592490162609948,0.487494244727876,0.4999995592452461,0.48749360640524486,6.624309321515106
sub-1023_5,0.0,0.24723501804755674,20.0,0.5084333382575329,0.4965031839532429,1.0,3.1648318173782166
sub-1023_6,1.386726228493899e-06,0.5162884947174746,9.883956135840416,0.5070752561430548,0.522699792854882,0.998395843648925,5.400846459407734
sub-1023_7,0.0,0.5126411373804255,5.532305850951333,0.0,0.5000000438314934,0.9999999723518641,8.112991197249883
sub-1023_8,0.0,0.6157036633383745,0.5104529383334873,0.36299173041513016,1.0,0.41976595686302137,9.427844452646992
sub-1023_9,1.0,0.7537931028921186,0.8395803326615531,0.5832990792330783,0.611418067097749,1.0,5.286589086342813
sub-1023_10,0.0,0.5071167104073029,9.821546736474689,0.4868736063597155,0.5000020452718751,0.9999817564616825,7.32067808851795
sub-1037_1,0.0,0.010248841051331038,20.0,0.5056166381748117,0.32169687662857127,0.49878366656508993,8.892489055346932
sub-1037_2,0.011562795159199382,0.6735156264065586,20.0,0.5018765864972707,0.4862098278277378,0.0,5.867480529430371
sub-1037_3,1.0,0.6208594465045538,5.577808686751222,0.5125371502389864,0.48746310519866826,0.4999991449324424,6.624309331775654
sub-1037_4,0.0,0.5138908601691209,5.03245665160964,0.4861039247709775,0.49999845455690295,0.9999897992487481,9.192123077356467
sub-1037_5,0.022976377146893986,0.6435704528300764,20.0,0.4949863056907024,0.49650318303832025,0.49650318463186227,7.943251862072008
sub-1037_6,0.016857726580142528,0.892350919477201,9.979568200736036,0.4957269317727391,0.49147178903178435,0.492991578694405,10.515013220850348
sub-1037_7,0.05341933956558518,1.0,1.8833887161328577,0.5008323101031962,0.5815514810089212,0.4628667486737433,8.084922672273649
sub-1037_8,0.0,0.9077128141383416,0.44873798584282254,0.0,0.45022687568372316,0.12413065094282519,8.24240454377461
sub-1037_9,0.030695559032285727,0.4962679929541182,20.0,0.49817907207936785,0.4898043274856466,0.9995330894256373,6.024905036681687
sub-1037_10,0.0,0.4856085960193449,5.003019358866775,0.4918707224624207,0.48602082559579457,1.0,9.317789936824296
sub-1033_1,0.20492690971045824,0.018912556029792953,20.0,0.49650318455066433,0.4929767222579959,0.504760194204064,8.581029094390853
sub-1033_2,0.0,1.0,0.1398725285906143,0.0,0.3403181937957282,1.0,10.544999402695003
sub-1033_3,0.0,0.9982377448955592,0.3989564648487919,0.6752979963339485,0.3247019899610062,0.731568871806982,8.00228899779786
sub-1033_4,0.0,1.0,0.4916104591838743,0.3577404769265732,0.0,1.0,6.033164015617838
sub-1033_5,0.3517512575124502,0.8667050211613746,0.5795597419632326,0.6616071846415658,1.0,1.0,5.995184433261803
sub-1033_6,0.0,0.5121254087897787,5.765547850067967,0.5000006912868894,0.9999960948898172,1.0,6.829084357396481
sub-1033_7,1.0,0.029990940317950937,20.0,1.0,0.5017533885604669,0.5067519839964677,4.466883375705697
sub-1033_8,0.020416597413313056,0.009944293156852739,20.0,0.4995065763452312,0.4998656271041786,0.4965036800710223,7.931762301026452
sub-1033_9,0.015537139184495358,0.0,20.0,0.49934980243336474,0.0,0.5084333407802438,6.221278117384698
sub-1033_10,0.9999991530805792,0.4935629249495395,10.864350412528184,0.5064386097638197,0.4935606975367485,0.4935635374919901,5.1356276121940345
sub-1026_1,0.0,0.3827545149430632,19.999999947222385,0.5084333468100749,0.4935531620651616,1.0,5.144475048112927
sub-1026_2,0.0,0.0,0.26064931700775695,0.9946751683987302,0.23168441408386944,0.23168439343848782,9.683716285057017
sub-1026_3,0.4640415676392796,0.0,0.139872541370913,7.045625009240855e-09,0.4999999633860766,1.3052892042722485e-08,10.476029608543344
sub-1026_4,0.0,0.5072723989759962,9.563898618317088,0.4926881272611151,0.4865190360145088,0.999919702432382,7.115903048413273
sub-1026_5,0.014417690581115935,0.5060950779417548,9.56063548171653,1.0,0.9975293134445767,0.48235868529549414,5.936787274369338
sub-1026_6,0.7483187901568723,0.0,0.21602106975802704,0.18366938259388976,0.7945450490895356,0.0,9.745237081561772
sub-1026_7,1.0,0.8103925207047828,5.658105164667525,1.0,0.4876410585066439,0.48764130778142634,6.419534206672344
sub-1026_8,0.0,0.22965448507463954,0.3977364283188679,0.5000000061084205,0.07593317425698072,1.0,9.38522267707116
sub-1026_9,0.008191067002824777,0.01125209275066474,20.0,0.4998412600921844,0.493831232628896,0.5013187677342762,8.871151014241462
sub-1026_10,0.02404511142212096,0.0,3.300983785212048,0.5016653315443035,1.0,0.4788134927830883,9.2095651213281
sub-1032_1,0.682081488180014,0.5296789886646169,8.870671970263833,0.500000591401559,0.7088554148499097,0.9996927717747718,5.267912228379706
sub-1032_2,0.10888714721795767,0.01902823042105968,20.0,0.5115951233538225,0.0,0.5038874142257574,6.001550372710262
sub-1032_3,0.0,0.6823913566803294,0.6804363804167591,0.23762739724177495,0.3972184941580298,1.0,6.800796288177521
sub-1032_4,0.0,0.5221446775923937,5.065480591464804,0.4999995514133201,0.9999321779714804,0.4861911482532115,8.649731641219162
sub-1032_5,0.0,0.38273179076110186,20.0,0.4999999895072382,0.5034968079973254,1.0,6.8290856624572935
sub-1032_6,0.0,1.0,0.33733376124331627,0.5662106540420637,0.49999994614412613,0.7073207464719413,10.062252298789515
sub-1032_7,0.3906935560248956,0.5034637189011106,19.999999965906024,0.5034975511508696,0.5034967949336198,0.9999325982011501,3.851720477916391
sub-1032_8,0.0,0.5706817900237882,0.9240011837580739,0.5886344839657995,0.575688490187997,1.0,7.344364323597865
sub-1032_9,0.3830342108645247,2.3106600748673664e-07,4.9286678421248995,0.0,0.4858069758156362,0.47087024938737726,7.735829682411543
sub-1032_10,0.0,1.0,0.3373336923877515,0.7073207292624171,1.0,0.29267920576736656,8.896210120316505
sub-1024_1,1.0,0.5242220862938387,6.836765080316706,1.0,0.4753294371399379,1.0,1.8802914388144873
sub-1024_2,1.0,1.0,5.773344799710848,0.4707848301456807,0.5000003448475996,0.0,4.652880274179055
sub-1024_3,1.0,0.2411361430830843,5.9469144978396615,0.5117597359309429,0.4882406740126095,1.0,3.8517205333478
sub-1024_4,1.0,0.8107959734354904,19.988180401261925,1.0,1.0,0.5034988818662023,1.2839068143839174
sub-1024_5,0.02179293593607706,0.966472943697298,20.0,0.49974465026283943,1.0,0.499319340532004,4.800077669006035
sub-1024_6,1.0,1.0,5.866985037661683,0.5119199852486054,0.47125214424697925,1.0,3.1641983596230703
sub-1024_7,1.0,0.1749768745147856,5.668941448034697,0.512335938031877,0.48766514961745483,0.4702506003083792,4.448105235378774
sub-1024_8,1.0,0.6851281630102154,5.892709777345665,0.488130805180214,0.48813164475938414,0.5118678225092386,3.8517205489350204
sub-1024_9,1.5161543977407086e-06,1.0,5.46804529625652,0.5308445436967679,0.5308433447993774,0.5127910935076138,5.044489907306842
sub-1024_10,0.9250615782623364,0.9974929907014028,6.415945273936608,0.5494955310292413,0.5108976611495344,0.5108965926182586,2.567813687961028
sub-1030_1,0.0,1.0,5.462090597646478,0.5308785710495603,0.5308811656926774,0.5128021559562402,5.04448991078043
sub-1030_2,0.0,1.0,5.370538971524023,0.4869785555394331,0.48697989725756036,1.0,7.703441098207723
sub-1030_3,0.099150004703316,1.0,5.487680968587547,1.0,0.4591154373786777,0.48725589055340596,4.804461624104485
sub-1030_4,1.517133056354712e-06,1.0,5.500629295380208,0.4999992228362781,0.504058321638623,0.5127119609998572,8.181961012158732
sub-1030_5,0.006261638350601583,1.0,20.0,0.4948515606539188,0.500609380360587,0.4965031832182859,7.52200370108125
sub-1030_6,0.007055069360200363,1.0,20.0,0.49521771279465465,0.5034968187910058,0.491566656470922,7.082037192366539
sub-1030_7,0.015491046142178617,0.5754795272448177,20.0,0.5018784265086017,0.4934612791741549,0.0,7.520774739096142
sub-1030_8,0.013899761326318984,0.8458041235961281,20.0,0.5067723945904878,0.503496816765968,0.4913277684480909,7.076013005025748
sub-1030_9,0.0,1.0,5.659631085366271,0.48764109196741207,0.512357066528433,0.48764613559482956,5.135627437313408
sub-1030_10,1.0,0.0367372154694271,0.28716498681809866,0.25645968879945147,0.25645956027492794,0.7435403415697568,9.019736099374493
sub-1018_1,1.0,0.007721636143951126,20.0,0.5034968139474563,0.4976391468646498,0.4967960683994208,8.177244759426614
sub-1018_2,0.0,0.7033257725322224,0.25787352558295823,0.5000000655577505,0.0,0.7712037176904964,9.888491378528965
sub-1018_3,0.0,0.00703846599824496,20.0,0.5000230496565183,0.5053467064398801,0.28304309107405934,10.578101489256097
sub-1018_4,0.006148432841296563,0.0,20.0,0.4953934988200273,0.49610106347560634,1.0,9.123548033030179
sub-1018_5,0.0019093553162086501,0.0,20.0,0.5042625311734861,0.4965031845261788,0.5084333376862609,9.01310101357567
sub-1018_6,0.02592284368046971,1.0,2.665139779801122,0.508474732292584,0.47375887043401677,0.5262411127804071,7.605909727943745
sub-1018_7,0.0,0.29677977135609934,12.72590522907735,0.5054938097717033,1.0,0.999976324358118,5.135627673117576
sub-1018_8,0.0,0.5124822666139371,5.60134511503617,0.4976157026931896,1.0,0.9999985943848081,8.195360556052039
sub-1018_9,1.0,1.0,0.19435663973852207,0.14016544091737912,0.8598345587711124,0.9864505068514715,9.771619492912516
sub-1018_10,0.0,1.0,5.031609842948448,0.4860999738073922,0.4999989150051459,0.5138966491242586,9.19212307822863
sub-1019_1,0.0,1.0,5.662253373982688,0.5039438504465129,0.5123494197863997,0.5123486736304917,6.693279093063862
sub-1019_2,0.0,0.07488560479799154,5.337027540693408,0.4868935199963174,0.0,0.0,5.0631370121965595
sub-1019_3,0.0,1.0,0.5927683264100682,0.7845409104889657,0.3820175133300576,1.0,5.86360179600978
sub-1019_4,0.0,1.0,5.749884369095695,1.0,0.5121626500127332,0.5000003256432306,6.624309262656236
sub-1019_5,0.0,0.11392303873286778,5.026744359390636,0.4955592438464884,0.513913229466047,0.0,7.646020221260742
sub-1019_6,1.0,1.0,5.72271914399916,0.48777892153088187,0.5122208390075725,0.48777983643285266,5.135627397861315
sub-1019_7,1.4940236866357394e-14,1.0,5.804325772890553,0.49999800927632987,0.5120469189346076,0.4791478174503959,6.82908435587688
sub-1019_8,0.010014747031159744,1.0,2.6547213836325962,0.4716769200735155,0.5242967816368281,1.0,6.416356642217155
sub-1019_9,0.0,0.028800373134573082,20.0,0.5034968171949695,0.10122646998359663,0.5043622342830177,7.157480222807015
sub-1019_10,0.0,0.44141615716658966,5.3372373104989475,0.5041846075751073,1.0,0.4579632501097078,6.36211333659237
sub-1025_1,0.0,0.0,0.06743665823876867,0.11833537773951042,0.0,0.0,10.889207191761285
sub-1025_2,0.7339816881263583,0.0,6.35283175076204,0.014961871245614702,0.9405649409732568,0.4889913140256972,2.5678137270386188
sub-1025_3,0.0,1.0,5.0885691794747085,0.49999910350500676,0.5137443275490893,0.45590710248584,7.5770503683718715
sub-1025_4,0.0,0.2776505027967775,0.3373336999561933,0.07436067166453453,1.0,0.29267926296945873,8.332213901997015
sub-1025_5,0.0,1.0,4.933272645259023,0.4658124120911595,0.5141752372851799,0.4858259125196888,7.612303688164065
sub-1025_6,0.8040778453879007,1.0,11.669918534473801,0.0,0.49400712740723746,1.0,1.283906814384649
sub-1025_7,0.0,0.004206642569194527,20.0,0.49999999448314836,0.5034968156242412,0.5049697198281462,10.598968229332469
sub-1025_8,0.0,0.5957495517992774,0.13987397773132884,5.010158157613442e-06,0.3403197923928117,0.5000000008560561,10.749774496166948
sub-1025_9,1.0,2.9449480517084637e-06,5.080633621331722,0.48623723417922676,0.48623721399444225,0.486239122035933,8.987347970537948
sub-1025_10,0.0,0.0,0.3471858888962821,0.29856244698679063,0.9858113642369984,0.29856244515625996,9.58373231769396
sub-1028_1,1.0,1.719807501976335e-06,5.732859329108647,1.0,0.48780092813558446,0.4878020043780414,5.135627394332587
sub-1028_2,0.0,0.53308151972417,5.094290827401428,0.5220493547815194,0.9999407281785528,0.5137232377329907,7.757434341140878
sub-1028_3,0.0,0.9993806687927901,5.945138942942749,0.5283688780281626,1.0,0.48823553934452424,3.16419833919205
sub-1028_4,0.008898876459718942,1.0,20.0,0.49680852249625573,0.49819055420191743,0.5034968111586491,9.101982293040447
sub-1028_5,1.0,0.0,6.191711028128585,0.48870507564596405,0.488704965199894,1.0,2.567813680226095
sub-1028_6,0.021435933850982598,0.4964967007289781,20.0,0.495305185512129,0.0,0.9999871215067155,4.0565055073570955
sub-1028_7,0.0,1.0,5.121456077711623,0.49564088584401883,0.4863445842369783,0.48634320982285983,9.261092808380438
sub-1028_8,0.5781757507374133,0.1315871504788967,0.31911537930574296,0.28132195440521357,1.0,0.28084336420062106,8.98321008524962
sub-1028_9,0.28030474682352424,0.5061254480973543,0.6342391404808246,0.33332612245994836,0.5201979563509533,1.0,9.145945522782563
sub-1028_10,0.007055061206306916,0.021397886726314447,20.0,0.4952177197969198,1.0,0.49650318595134285,7.082037192366383
sub-1014_1,0.0,0.011872416224114017,20.0,1.0,0.5052434289617775,0.5068005945073724,7.344225667661894
sub-1014_2,0.0,0.36386802358848436,0.3461926953859028,0.5385842325074645,0.2979845693346173,0.01279488708533731,10.075651881766131
sub-1014_3,0.0,0.5072716611889249,0.5291336491203673,0.3678286852273574,1.0,0.6321712581697793,6.943428203623141
sub-1014_4,0.008191058249732477,0.006993607347597442,20.0,1.0,0.49984126356988035,0.4999999944057277,7.671415243003459
sub-1014_5,0.029210124945569606,0.04574039288422438,20.0,0.49017108034033713,0.5050632472198893,0.5028024676082519,7.270162627574923
sub-1014_6,0.0,1.0,5.444255749429251,0.5309777035853794,1.0,0.4871542573016169,5.044489930856567
sub-1014_7,0.0,0.5034006676851938,17.820168351624094,0.5125907064535469,0.6537872260437673,0.9989430883982052,4.8044615015423195
sub-1014_8,0.0051688906598411615,0.4562836460608801,20.0,0.5089787370178983,0.4962323299394504,0.4965031841033854,8.779902402003453
sub-1014_9,0.0,1.0,5.5444893663926305,0.4959731868579325,0.500001541914005,0.4873872936886509,8.181960995454535
sub-1014_10,0.0,0.026787014607330115,20.0,0.5084333403190813,0.49456683682123265,0.5062384384047967,6.228323889852364
sub-1015_1,0.008351683798055258,1.0,20.0,0.5066516907527229,0.5036649313090276,1.0,5.289913548247697
sub-1015_2,0.06117293928087028,0.5172410866571692,4.069155317835638,0.49390334758195,0.5171870060215649,1.0,6.361284223202105
sub-1015_3,0.5289939606228995,0.506552318135774,10.67650934990319,0.5000007018744622,0.49345036547619986,0.9999974514089969,5.340402595628544
sub-1015_4,0.36247489014378254,1.0,0.33733369264890795,0.0,0.0,0.49999999407702883,8.413463016410967
sub-1015_5,1.4943453012769194e-06,1.0,5.46255134754022,0.512801725557214,0.4691267855678912,0.5127989565962333,5.732012122389204
sub-1015_6,1.0,1.0,5.581609726503215,0.5125281740180485,0.5000010869646275,0.46978357469032705,5.936787133948801
sub-1015_7,0.36730070362571715,0.6578920093079385,0.8033296973501451,1.0,1.0,0.4602145964359504,5.474772357761164
sub-1015_8,1.0,0.617982477042879,0.5927683248135578,0.3820175502361698,0.38201751747363005,1.0,6.551123993387238
sub-1015_9,0.6427533249728762,0.038295300745641574,20.0,0.5072310847133676,0.5015981983477279,0.5024152787940976,6.3706356428445075
sub-1015_10,0.07615783798031067,1.0,2.4113800326259205,0.4958489232198245,0.470997413330496,1.0,4.881302037673935
sub-1029_1,0.9534201204030236,0.4996203511448079,6.058630237553515,0.4884581721302553,0.5115430504074215,1.0,3.8517205430516763
sub-1029_2,0.0,0.5174369051935143,0.20618104223732542,1.0,0.6083276080742174,0.26416714764773996,10.028517915264409
sub-1029_3,2.5176430091238446e-06,1.0,5.280778427413372,0.5424850832442292,0.5132427123227297,0.5132424345872275,6.088368491579267
sub-1029_4,1.0,1.0,0.5927682847476028,0.6179824509031108,0.3820175220394789,0.6179824611754894,6.5511239933872485
sub-1029_5,0.023321791190695638,0.8046322474563823,20.0,0.5009004785135549,0.49051595128015446,1.0,6.384897030357374
sub-1029_6,0.0,0.748720172113333,0.29071078151649454,0.5000000032142222,0.9435224215846125,0.24554076395109448,9.300953148514532
sub-1029_7,0.0,0.024745354263101815,20.0,1.0,0.4988832437117328,0.505167873559323,7.017595720292843
sub-1029_8,0.9976695012525737,0.5110184532888584,6.028272765689261,1.0,0.0,0.4883994421831654,3.851720514682422
sub-1029_9,0.07852097604902875,1.0,0.5291336621371646,0.0,0.2563248091830866,0.6321712827285696,7.043412170986189
sub-1029_10,0.0,0.7123225428122717,5.071037229759595,0.552169795160997,1.0,0.5137904844571293,6.347043837825671
sub-1017_1,0.017373982770558027,0.020828108262130034,20.0,0.5052412825850792,0.5045126893329658,0.49499810533156396,8.144614462306812
sub-1017_2,0.0,1.0,5.013432356854264,0.466357858354721,0.49554544544183665,0.500001189201321,8.778345780631636
sub-1017_3,0.0,0.39763297623220717,0.3122774491855612,0.8597209263148878,0.2760444414233392,0.27604442205830987,9.728863105637268
sub-1017_4,0.0,0.012050566530203815,20.0,0.5034968172858532,0.49999999499518283,0.49814391102191063,9.758767000180011
sub-1017_5,0.0,0.01575458788741691,20.0,0.49650318560196843,0.4999999974881264,0.4974224267180297,8.663002763431615
sub-1017_6,0.0,1.0,5.507378330127747,0.48730306973214854,0.5126991620217741,1.0,6.41953427934969
sub-1017_7,0.0023156965740169233,0.0222488498272556,20.0,0.5029351429733454,0.5040861912766657,0.49399368046726894,8.102832478600057
sub-1017_8,0.0,0.5614368915537988,0.6813699634828307,0.6026406687049727,0.4465668771200137,1.0,8.37549685657836
sub-1017_9,1.0,0.012050576380116711,20.0,0.49650318240215624,0.5034968185869427,0.4981439182815417,6.78140318446726
sub-1017_10,1.0,0.7675857677085012,0.5676466855506829,0.37679609838958733,1.0,0.577852373010002,6.948018558129521
sub-1016_1,1.0,1.0,5.827884598208793,0.4879997107713711,0.5120002790085244,0.4879997108799533,3.851720570770927
sub-1016_2,0.0,1.0,5.507180698925939,0.530626820363371,0.48730233869068595,1.0,5.732012078651872
sub-1016_3,0.0,1.0,6.065940001794904,0.4999993944038509,0.5115278251754305,1.0,4.0564956013528235
sub-1016_4,2.4761825994594154e-07,1.0,5.319579911694541,0.4868539794218075,0.48685384230822176,0.4682945379029755,7.015918926511469
sub-1016_5,0.16248340775516207,1.0,2.292361326826117,0.4840913824746516,0.5013830056647012,1.0,5.979379771801111
sub-1016_6,0.0,0.7902936347602544,7.0589806207040695,0.5000003048501173,1.0,0.4900957743529006,6.829084319808376
sub-1016_7,0.0,0.5065558735061169,10.062868196972529,0.4930524516980465,0.5069473026833908,0.999204755471501,6.419534686453957
sub-1016_8,2.4472313770514664e-06,1.0,5.610920054117398,0.5124639131805738,0.48753590080125864,0.5000016845259712,6.624309316730173
sub-1016_9,0.7347490945549074,1.0,5.9227290161775,0.48819314803270786,1.0,0.48819584747476696,3.8517205520833744
sub-1016_10,0.0,1.0,5.523875751552147,0.5406173705825841,0.4694662291937584,0.0,4.116939404003172
sub-1012_1,0.0048386098099729635,1.0,20.0,0.8743093513058958,0.4973354268569997,0.49650318237907887,9.22434121367644
sub-1012_2,0.0,0.5446166586560988,5.017240047826095,0.48606019019632796,0.5336161640676046,0.9997802180675069,6.684753139939984
sub-1012_3,1.0,1.0,0.6456942358113339,0.3916882451326824,1.0,0.6083117368283856,5.436084159890095
sub-1012_4,0.0,0.0,0.7785613934829352,0.5898275603818321,0.7166391052178072,0.33439104084558785,8.308671890302096
sub-1012_5,0.010387255196172583,0.0,20.0,0.5023391753254659,0.5068677016963116,0.6349407247102309,6.950499895396369
sub-1012_6,0.0,0.009177072573926952,20.0,0.5098408533092762,0.49860791368328283,0.5042918976040873,9.690774229368007
sub-1012_7,1.0,0.0,5.081501123831824,0.5137628278200412,0.47463194040576584,0.5043944051147038,8.673554635372842
sub-1012_8,0.1973893804341989,1.0,0.3062790504514199,0.1973894593188986,0.7283417077804332,0.27165834736576894,9.622083766300666
sub-1012_9,1.0,0.6185434600848819,0.4947251162777659,0.6413639031722114,0.35863611339146206,0.659744720595381,7.785519087293556
sub-1012_10,0.012637825332264018,0.045375395717349054,20.0,0.4992042270470462,0.4998870106910954,0.496503181374406,9.743476690485299
sub-1006_1,0.0,0.9163083599838585,5.117413715163754,0.5000009320968727,0.48633655318287067,1.0,9.396898117492787
sub-1006_2,1.3705036889920425e-06,0.5074759695291589,9.286913013896548,0.5138829182310722,0.4924690721093458,0.9998887477388546,7.115903246628008
sub-1006_3,0.0,1.0,5.157433152218807,0.49999947198413985,0.506539799841893,0.48644364014895175,9.501099340708175
sub-1006_4,0.01153955091799048,0.027551778208427708,20.0,0.5009194270271574,0.5034967873193001,0.0,8.200420397298851
sub-1006_5,1.0,0.027281133849365258,0.27585225151945036,0.0,0.0,0.7860743456898102,8.437709156841239
sub-1006_6,1.0,0.007055055760809506,20.0,0.49156666507970587,1.0,0.5047822785637489,5.798130377983066
sub-1006_7,0.0,0.6261808475933516,0.19845920497586877,0.1476037829767824,0.6125425046770204,0.5728791869128703,10.544999402694996
sub-1006_8,0.015372268157223345,0.07243563446998243,0.3091123035144809,0.7241476916860409,0.7283882462971455,1.0,9.668879336433442
sub-1006_9,0.0,0.017071856427225803,20.0,0.5034968061654072,0.49827308553052313,0.5139654695224872,8.592801598804758
sub-1006_10,0.0,0.0,0.08207126085823337,0.772142649225982,0.004443501116798477,0.22437032956493597,10.87544133556029
sub-1007_1,0.39655438037453905,0.014783612189064287,20.0,0.49935252295996163,1.0,0.49272262576932224,6.419612129846989
sub-1007_2,1.0,1.0,5.305174591545983,0.45770764734285185,0.5131825073095418,0.4868175256289846,6.088368469726311
sub-1007_3,0.8057782977982134,0.4958509116505867,19.984258715207396,1.0,0.49650042684304513,0.9933666591164027,2.5678136287683238
sub-1007_4,1.0,0.48931419728317355,11.216966758286125,0.5062350396239101,0.9668768082274938,0.5062343981442379,3.8517207096269876
sub-1007_5,7.512809710190557e-08,0.8596836931784485,0.5301698140158034,0.631912912245919,1.0,0.659054102058418,8.633082630815933
sub-1007_6,0.0,0.7163759835158291,0.4155115971824723,0.5537532317808932,0.3316863302991388,0.3316863531898664,9.857477205317554
sub-1007_7,1.0,2.9975573483536974e-07,5.55737678079515,1.0,0.48741766418040394,0.49393309188320556,6.7285105854262675
sub-1007_8,0.0,0.5315834753967964,5.3322301324469095,0.5316294861550492,0.9998998248159777,1.0,5.640874526653296
sub-1007_9,3.4617418509349815e-06,1.0,5.844374421315937,0.0,0.5119669842676859,0.48803509371249737,3.851720569716817
sub-1007_10,1.0,1.0,5.750817904618022,0.4878385567413949,0.4878405892028346,1.0,5.135627390014323
sub-1013_1,0.8255908764418483,0.013467924821069899,20.0,0.49650318777416247,0.5009026795357348,0.9724015574695318,9.536864870445728
sub-1013_2,0.6898133521105653,1.0,6.195456068353723,0.47277628789293213,0.48871098805544405,0.9315953728313968,4.448105194309709
sub-1013_3,0.015651014281349303,0.04552702310909184,20.0,0.5068249319024991,0.4965031810682077,0.5161690375385123,7.695643513087023
sub-1013_4,1.0,1.0,5.8418567553553125,0.5119694093879356,0.4880279594365332,0.48802697336098744,3.851720570196684
sub-1013_5,0.0,0.5334973644041776,5.021178630893193,0.5139249458390156,0.9998009601027302,0.4553135502543219,6.684753143776298
sub-1013_6,1.0,0.6558511085247806,0.4487380428151636,0.3441489479398157,0.3441491128911343,0.6558509693171175,8.656181853528665
sub-1013_7,0.8953626263328885,0.010660041431495947,20.0,0.0,0.49650318374603136,0.5097096587010903,7.827580076968782
sub-1013_8,1.0,0.0,0.33733370030882714,0.0,1.0,1.0,7.52116572556158
sub-1013_9,0.005837878333916547,0.0,20.0,0.5048242547170481,1.0,0.4965031821997307,7.444849365015518
sub-1013_10,1.0,0.0,5.961102211896674,1.0,0.4943447027781711,1.0,5.444603668045539
sub-1005_1,0.0,0.0,0.3405775121473479,0.2946538848501602,0.004762251923391721,0.500000001041865,9.788507411165886
sub-1005_2,0.6923370210664187,0.29258578894505793,0.3128853690592786,0.2616519428819827,0.8026124166431504,0.7895901451524083,9.745980837201746
sub-1005_3,0.021963511822739933,0.5044844006713809,20.0,0.5052009744012464,0.9978976650750185,0.5034968086650666,5.4172688608617054
sub-1005_4,0.0,1.0,5.438934839369531,0.48714392994970496,0.48714120293152735,1.0,7.703441063452237
sub-1005_5,0.0,0.0017539296433945906,20.0,0.49874567721937657,0.489348821417131,0.0,7.67316529185686
sub-1005_6,0.6932024549428458,0.02270401157762702,20.0,0.5095711068504191,0.49156665589406323,0.4994108961082803,8.20840079602525
sub-1005_7,1.0,1.482807155540042e-06,5.358790290568991,0.48694973004969,1.0,0.48076363064985494,7.186959608772582
sub-1005_8,0.48363163710418866,0.021435923027729228,20.0,0.4965031879961122,0.4965031828543278,0.5046948092161786,9.19213276489301
sub-1005_9,0.0,0.03243011804945173,20.0,0.5084333356988031,0.5000982324521035,0.5081326588540963,6.597169641231467
sub-1005_10,0.0,0.0,0.4487380412461583,0.3441490139178205,0.9999999214614035,0.12413071570571378,7.28113745877357
sub-1039_1,1.5295983022098286e-07,0.4931305761320912,10.260553148076667,0.4835637041364045,0.4931838106657995,0.9998922749748558,5.732012520107006
sub-1039_2,0.0,0.018401027445455898,20.0,0.4999999986780169,0.49871327965151635,0.4965031861176555,7.2694814871442945
sub-1039_3,1.0,1.0,6.007618430629518,0.4883620359000178,1.0,0.4883602117207588,2.567813727266828
sub-1039_4,0.018085773460677627,0.6844095366558008,20.0,0.49663430181611795,0.5003299245190639,1.0,5.854019170328711
sub-1039_5,1.0,0.38275127971772765,20.0,0.0,0.49650318155817086,1.0,1.2839082179689203
sub-1039_6,1.0,0.8514918574886443,0.7319117432282901,1.0,0.5955528691123334,0.4239345593870977,5.404415344879991
sub-1039_7,0.020543741008028367,0.011379185578507298,20.0,0.49650317561441204,0.4971424498915655,0.5028646483015041,8.46564261809136
sub-1039_8,0.5848271207801626,0.028710268737193838,20.0,0.5034968133747147,0.49650318780401603,0.5056807342210458,5.621124187859036
sub-1039_9,0.0,1.0,5.518051931126109,0.5305642582792879,1.0,0.4873265646864154,5.044489877364632
sub-1039_10,0.7714295642212291,0.4560470082132241,7.656372064944425,0.5091344122445569,0.509134382286647,0.9642681119499601,2.5678136665610385
sub-1038_1,6.489769064965001e-10,1.0,5.676569474368579,0.5297108253855137,1.0,1.0,3.7605830291006734
sub-1038_2,0.05104611874105179,1.0,5.33990352678482,0.4869054865648627,0.5130955485341915,0.5130959077244616,7.703441118208766
sub-1038_3,0.05107966476227409,1.0,5.336087055762185,0.46839598635372615,0.48689285676003013,0.513106440649226,7.015918936002187
sub-1038_4,0.3323592483565634,0.5729850648744466,0.3348651862495179,1.0,0.5660778616838679,0.3444224071466858,9.512099999710099
sub-1038_5,0.1250016219851574,1.0,2.714288280848583,0.5021408680900266,0.5000000091982867,0.49765889012159314,7.423785103207682
sub-1038_6,0.31577775479877723,0.03366990441963022,20.0,0.5034968122295358,0.5057215122813592,0.5020815924444294,6.104294459817455
sub-1038_7,0.9869113027191182,1.0,5.868977139806261,0.5119162572386303,0.48808373311675257,0.5119162569711101,3.851720555969431
sub-1038_8,0.02404659457175037,1.0,5.8149075215317465,0.0,0.512023819345918,0.5000009675868201,5.340402470768014
sub-1038_9,0.8942122101063388,1.0,5.627172557162446,0.5000007906981957,0.48757369244949866,0.4875739446219366,6.624309314883017
sub-1038_10,0.0,0.021435913067981614,20.0,0.49999999801545253,0.0,0.5046948033136751,8.31777613745297
sub-1010_1,0.08149024350406635,1.0,5.518397873788957,0.4694349316670886,1.0,0.4873257799169436,5.732012073242707
sub-1010_2,1.0,1.4830982162639402e-07,5.594783257670368,0.4875015091659377,0.0,0.4875022977331678,6.41953424283569
sub-1010_3,0.1863414522610822,0.7369256852893451,0.5677353992936724,0.3150819882367432,0.5514426149014715,0.6231844112042451,9.539957151261536
sub-1010_4,0.4458828656688473,0.7360025341912023,0.7059484012474443,0.4425289283907471,1.0,0.5677513373959121,6.954143716271221
sub-1010_5,1.0,0.015811655949172804,20.0,1.0,0.5081326563751446,0.4916538508137798,4.716878209840829
sub-1010_6,0.0,1.0,5.2534258363517745,0.521382585735312,0.5133122279790087,1.0,7.161049763046221
sub-1010_7,1.0,0.05091107768184655,0.2578735288738126,0.7712038015001864,0.0,0.7712037120983737,9.09617805504263
sub-1010_8,1.0,0.0,0.2384939980367111,0.20675878661870806,1.0,0.0,9.148419815314815
sub-1010_9,0.0,0.0536806380853795,5.071308476683018,0.49559549269092484,0.0,0.5137922687960422,9.261092843826637
sub-1010_10,0.5971284495680139,0.3771571662222834,19.999999793861285,0.49650178992288263,0.49650382384588126,1.0,5.135627675501384
sub-1004_1,1.0,0.5116258892551043,6.0149654301910465,1.0,0.5116246491532122,1.0,2.5678137211194807
sub-1004_2,0.0,0.02532387252342047,20.0,0.0,0.5084333454302109,0.5195246899845348,4.778694362494793
sub-1004_3,0.6473795937564458,1.0,5.283845876165324,0.4867628045337801,0.46808093615767615,0.48676343363831437,6.328396759593211
sub-1004_4,0.8481356316782167,1.0,0.2871649881610052,0.25645969508588096,0.7435403251222187,0.2564596711350919,9.019736099374494
sub-1004_5,0.6511572781017315,0.0,0.44873798687436367,1.0,0.0,0.6558510101489738,7.041109191985556
sub-1004_6,1.0,0.04356170474764101,6.2819565280211185,0.0,1.0,0.5111335198566747,3.8517205038428473
sub-1004_7,1.0,0.023326660256191414,2.7727422653982163,0.4747772050437633,0.5061190620666853,0.4853757911317993,7.859893801865939
sub-1004_8,1.0,1.0,7.48048982960996,1.0,0.4999999082289937,0.4999997983229572,5.545177445320742
sub-1004_9,0.0,0.04221707085526751,3.228635147225412,1.0,0.5223023281824758,0.49921190755557676,9.39665043027295
sub-1004_10,0.022436766920438677,0.9300353491409279,20.0,0.49247338321921225,0.4951581558985756,0.5034968138120322,8.579175156553962
sub-2026_1,1.0,0.18861555715324088,1.549470013899638,0.4894234414835028,0.37612425770251173,0.7013232576165359,6.317189581876805
sub-2026_2,0.025681846791185726,0.0,20.0,0.4941736724739124,0.5046127454136312,0.4965031811485329,6.8136816486557015
sub-2026_3,0.025975746247808115,0.02369458220840241,20.0,0.4977698399329788,0.493469750087363,0.503496807432731,8.773849047712424
sub-2026_4,1.0,0.0,6.054088560752285,0.48844588581817305,0.511551787157417,1.0,2.567813709946824
sub-2026_5,0.011494395885274117,0.0,20.0,0.49564305425122207,0.5070394243854852,0.5034968079697953,8.28615918743495
sub-2026_6,1.0,0.32986980043247455,19.675931161518463,1.0,1.0,0.4964454666318976,1.283906823569957
sub-2026_7,0.3021130005471506,0.0,0.05090704809256796,0.5000003131332317,0.9387428594735561,0.9387425427191683,11.023519383790527
sub-2026_8,1.0,0.0,5.847044620691741,0.4880395974929497,0.5119618132739577,0.4880394258180855,3.8517205644331005
sub-2026_9,1.0,0.0,5.651951294401684,0.5123772635513602,0.5123701298290555,0.5039480785836993,6.693279133818423
sub-2026_10,1.0,0.020295218704118656,5.988528070355104,0.48832181709768824,1.0,0.48832079245110205,2.5678137238581407
sub-2027_1,0.17571962449708223,0.0,5.066799231217734,1.0,0.5138012536971387,0.4933457157764428,9.29632429371285
sub-2027_2,0.0,0.5589335333501091,0.3658926273852935,0.3088612324957987,1.0,0.3863600156971977,9.600433164107473
sub-2027_3,1.0,0.02132634741802288,20.0,0.5034968127830831,0.5078516744199644,0.2490478029946559,4.773631211182268
sub-2027_4,0.6692776313010532,1.0,0.3369006459005944,0.11851081829956858,0.11642829234710474,0.2924125696087338,8.996190761850873
sub-2027_5,1.0,0.47804919510927285,6.645451402300137,0.4894788106740006,0.5105215527448478,0.9093129122668528,4.44810516627945
sub-2027_6,1.0,0.622712205066535,0.28716497812964364,0.25645968422139753,0.25645960784865873,0.6483702256608498,9.019736099374482
sub-2027_7,0.0,0.0,0.4487379565884312,0.0,0.45022686110446075,0.49999998298074344,9.134701834624
sub-2027_8,0.0,0.008081301067616974,20.0,0.5011167456501947,0.49650318840623725,0.5080240821061582,10.307946779449837
sub-2027_9,0.0,0.45022683508004274,0.44873797846012087,1.0,0.6558510335080493,0.6558510062472558,8.929926741152082
sub-2027_10,0.1626827972294543,0.21204733460527875,2.4734248883790295,0.46316295072039215,0.4717248865534271,0.6850625367898848,7.3387810247428895
sub-2033_1,0.9974734048139404,0.0,4.931227145292536,0.0,0.4858181341196729,0.5291150698456566,7.735829667021923
sub-2033_2,1.0,0.0,5.46980971942285,0.4691629824290596,1.0,0.523569476315482,5.144473880698091
sub-2033_3,0.14247651095966063,0.0,0.0737921988088741,0.8238140881921661,0.19732440854410574,0.6810162272032493,11.03691896676717
sub-2033_4,0.7432334417145491,0.0,0.2871649766769921,1.0,0.7435403564825338,0.2564595847768556,9.019736099374478
sub-2033_5,0.0,1.0,5.07385751931016,0.49999922361022053,0.5332358426729911,0.5137801921123871,8.709375966462371
sub-2033_6,0.0,0.5251378311271376,0.5158904488606776,0.6355642101727842,0.635564212827853,0.36443586061573485,9.583732317693993
sub-2033_7,0.7253635624727705,0.0,0.2061810462212351,0.5000000022530655,1.0,0.8391982778253776,9.959548121112759
sub-2033_8,0.012076099035814197,0.0,20.0,0.4983854216121514,0.49916679493167104,1.0,8.294831650512638
sub-2033_9,1.0,1.0,0.645694244610065,1.0,0.39168824806383173,0.6083117367256371,5.436084159890095
sub-2033_10,1.0,1.0,0.102662753508751,0.0,1.0,0.0,10.634450352821132
sub-2025_1,0.8046686171053772,1.0,5.605363603486864,0.4875250919289608,1.0,0.49999830867798667,6.62430932440868
sub-2025_2,0.0,0.029876379409497222,20.0,0.5034968045705406,0.5058194067686658,0.5121661167806218,7.222661972071049
sub-2025_3,0.0,0.5137028523495946,5.100945678794734,0.48629094619024904,0.5066115077104193,0.9999921893009587,9.29632427816518
sub-2025_4,0.9251057871367006,0.027244771864019274,20.0,0.0,0.5010801454758211,0.4992042753383323,5.287536850524418
sub-2025_5,0.0,0.6589931814882296,0.1401649071778415,0.49999998340600726,0.9989571070350297,0.0010427735060878427,10.74977449616696
sub-2025_6,0.02143593460835891,0.0,20.0,0.49530518810779584,1.0,0.494383360035112,7.3658345410749435
sub-2025_7,0.2590891425680436,0.4973199152856647,6.074143775137756,0.0,0.5115115372199774,0.9717672037583559,3.8517205341952296
sub-2025_8,0.010280468727809779,1.0,20.0,0.5011677177366227,0.49421015256496564,0.5034968061336778,8.627819424415652
sub-2025_9,0.0,1.0,5.292036249030063,0.500002683625319,0.513215522566721,0.4867872961240296,7.908216247547145
sub-2025_10,1.0,0.3750548801614809,6.002609624843387,1.0,0.5116511077845067,0.49999987942641405,4.056495612215217
sub-2031_1,1.0,0.22832867099875076,1.54904415040764,0.45485200528576214,0.5451479877192105,0.747852266606035,7.87085506426838
sub-2031_2,2.4936966826686686e-07,0.44358504531795606,0.22466546180566707,0.8112906697039258,0.18870935201160963,0.0,9.728863105637274
sub-2031_3,0.0,0.00783826269522006,20.0,0.5001260954341278,0.49650317903787644,0.5000183999588944,10.240600379039726
sub-2031_4,0.0,0.9983192449283438,0.13987253480761216,1.0,0.2589352541000928,0.0,10.580230853416353
sub-2031_5,0.0,0.4456380965596406,5.492900719778619,0.5040675847938552,0.46929500787002787,0.0,6.00575697651821
sub-2031_6,0.0,0.0,0.1398725465057755,0.0,1.0,0.7410646835390321,10.580230853416351
sub-2031_7,1.0,0.020527295023060034,20.0,0.4965031881900551,0.5051657782124342,0.495685694919356,6.664330400733273
sub-2031_8,0.0,0.4752635198637662,0.448737935996985,1.0,0.45022688782879,0.6558510117986727,8.929926741152093
sub-2031_9,0.004263436911489774,0.0,20.0,0.0,0.49860120840802696,0.4999999988003974,8.029075263129661
sub-2031_10,0.0,0.0024191480690315356,20.0,0.4988832384755384,0.49650320627144956,0.5015171275688481,10.918320947986265
sub-2019_1,0.0,0.9962579714565636,5.009880894825789,0.5139617983274261,0.5044625928447652,0.4663383354356906,8.573570755102022
sub-2019_2,0.012075851332916214,1.0,20.0,0.4898485237816885,1.0,0.4965031884439352,6.47911342136469
sub-2019_3,0.010911059090448627,0.0,20.0,0.502634757003391,0.4934487279851363,0.496503181806043,8.298989434760594
sub-2019_4,3.4251379801184285e-06,0.0,5.392636917081709,0.48703032675988306,0.4937478694561732,0.0,8.012417430635582
sub-2019_5,0.0,1.0,4.994122922854956,0.5287493716515577,0.48599381077392073,0.48599492954764617,7.735829601576313
sub-2019_6,0.17905256831461458,0.012291574670438553,20.0,0.03409255523822896,0.4982028892463866,0.5051613003670459,8.926585647869091
sub-2019_7,0.0,1.2315938196638635e-07,5.342275940679862,0.5130878176864808,0.0,0.5130918462945704,7.703441129945049
sub-2019_8,0.0,1.0,5.488635605624837,0.4999998828347634,0.4872602694123083,0.5127424547767686,8.112991217703925
sub-2019_9,9.958137511039545e-08,0.0,0.4697613401894668,0.5000000194945295,0.022376655948874773,0.6488761404282758,8.860956947000425
sub-2019_10,0.0,1.0,5.28862903852195,0.5000000198081939,0.5132212101563735,0.5000007379862799,9.60167311440061
sub-2018_1,0.0,1.0,5.76885702634484,0.0,0.505844235019034,0.4878777823175324,6.728510503383282
sub-2018_2,1.0,0.4934801929194486,10.72586636907838,0.0,1.0,0.5000001523627517,4.056495664384456
sub-2018_3,0.684216971682235,0.620792095348622,1.0384909501481407,1.0,0.4326558651813415,0.6013662370710334,5.284857104322093
sub-2018_4,0.8113305523241849,0.8236434602512829,17.82516579199571,0.5039234482926783,0.4960765397569216,0.8681382066406886,2.567813628768377
sub-2018_5,1.0,0.9029003276779001,0.6608692476862252,0.6058246714104999,0.39417528801791946,0.6241946956512813,6.532906342183729
sub-2018_6,0.0,1.0,5.707109252915283,0.5122527560556622,1.0,0.4704463982047958,4.448105209650969
sub-2018_7,0.049348935852581384,1.0,5.528755460091688,0.45941803164680217,0.48735074279899193,1.0,4.804461598311254
sub-2018_8,0.0063511978876707115,0.011330716201407196,20.0,0.4958092962677007,0.0,0.49650318690104595,9.060227788576748
sub-2018_9,0.018341696758734073,0.0,20.0,0.4984789161834589,0.49099726465754046,0.5034968086425075,9.85428613942217
sub-2018_10,0.0,1.0,5.604747691202004,0.49398383643699156,1.0,0.48752206095503764,6.728510559870022
sub-2030_1,0.0,0.20823061296100803,19.2011774611094,0.5011632105257214,0.5036421790495149,0.9999969191667127,6.693279407213701
sub-2030_2,0.021141447176199965,0.017075107199300978,20.0,0.5034968208699998,0.49865911011845365,0.5013336253021993,9.91471962605324
sub-2030_3,0.004833796611336298,0.6491426438150704,20.0,0.4953765885300128,0.0,0.0,6.655809848991188
sub-2030_4,0.0,0.4467203403621821,0.1398725386168649,0.0,0.0,0.0,10.271254515071414
sub-2030_5,0.0,0.0,0.1398725268807148,0.0,0.0,0.6596817649008142,10.544999402695003
sub-2030_6,0.5304930341186589,0.0,0.366202457607383,0.30902293586784074,0.03941643856757898,0.30902292210546395,9.583732317693963
sub-2030_7,0.6890098075584595,0.0,0.26613774912804905,0.23721775135103623,0.984473735208407,0.7627822650450539,9.683716285057015
sub-2030_8,0.0,1.1913508534034245e-07,0.47335972197771825,0.9739925919818143,0.3522555803103388,0.4999999986075763,8.86095694700042
sub-2030_9,0.0,0.3783141636991694,0.8474168799167175,0.34784731281640224,0.3009635411381753,1.0,7.82758463850533
sub-2030_10,0.0,0.1950927809860851,1.1088342791631962,0.3478881272668829,0.5630718846009731,1.0,7.385268671264018
sub-2024_1,0.47693981013981174,1.0,0.38846943711562704,0.23242499895672106,0.3199696957498735,0.6800303320249086,9.22600301398879
sub-2024_2,2.2031642191068483e-09,1.0,5.863919082554567,0.48807523188830026,1.0,0.48807470337609027,3.851720562943446
sub-2024_3,0.0,1.0,0.2871649754687259,0.45638278054556514,0.5777779169729502,0.0,9.293480986998055
sub-2024_4,0.009746427137729233,0.9594440404054823,20.0,0.49110553839036936,0.4972068930455924,0.5034968097993876,10.068630704957158
sub-2024_5,0.013890123309616401,0.005633418756512532,20.0,0.496503181255148,0.0,0.49329059627507943,6.248831979588834
sub-2024_6,0.0,0.5084164359174197,19.998336769919383,0.49355232262092885,0.7122577746646755,0.9999653512637113,5.1444736645153455
sub-2024_7,0.01205058653244545,0.006993598856198125,20.0,0.5018560773269122,0.4999999929642219,0.4915666532586289,8.866469709330575
sub-2024_8,0.9564788102135326,0.018912867930252975,20.0,1.0,0.500843054826507,0.0,4.490573988026664
sub-2024_9,1.0,0.5083836093086769,19.99999994156279,0.5034968488595304,0.6883717102040877,0.999898834353228,3.164198249729022
sub-2024_10,0.0,0.01010358078900933,20.0,0.5056166354838183,0.6493194992030017,0.5016508833972563,9.542733123257028
sub-2020_1,2.807013032812318e-07,1.0,5.635806563182404,0.5124053002002518,0.49999941958582367,0.48759017878219413,6.624309321184833
sub-2020_2,0.06871996259553012,0.6510118685425422,1.835506383131529,0.4546711914525498,0.0,0.5000000354070396,9.24996303481011
sub-2020_3,0.0,0.5247742791872685,9.041818043769034,0.500000687007926,0.9999154598752055,0.4922651690295206,6.293143858684688
sub-2020_4,0.0,0.5492880604912638,5.365778512842754,0.999969015255623,1.0,0.5000002405615176,5.267912081387587
sub-2020_5,0.0,0.4902552369556076,5.106068766523742,0.5066037580416698,0.5252514279745885,0.0,8.708786031683609
sub-2020_6,0.0,1.0,5.8742792268254265,0.5038005577334961,0.5119060849089788,1.0,5.409372240287931
sub-2020_7,0.0,1.0,5.441488543501963,0.5128510909318587,0.4690092631844451,1.0,5.732012142815061
sub-2020_8,0.0,0.5187602755098223,8.92146603551073,0.4855473261625015,0.4921608955526818,0.999697612899545,6.428381221966927
sub-2020_9,0.0,0.5723776118017742,0.1398725391699652,0.5000000542868263,0.0,0.0,10.476029608543346
sub-2020_10,0.11067917427284281,1.0,1.8166796353541406,0.4545302255726301,0.5789449792648252,0.5384967948865487,6.828588783676845
sub-2034_1,0.5004070618378591,0.007186328651541221,20.0,0.49650318489470613,0.49094008768620456,0.5017963555130188,8.92494470080334
sub-2034_2,1.0,1.0,5.621119341935833,0.4875587554126619,0.5124411439139792,0.46999514315360746,4.448105251097019
sub-2034_3,1.0,0.16518425912380752,5.613441389188705,0.8700922024200698,0.50000011205589,0.48754264321873264,6.62430931451037
sub-2034_4,0.0,0.009719951482740031,20.0,1.0,0.4987190925029863,0.5020117590090949,7.1357081590942375
sub-2034_5,0.9964438295958297,0.07399222394268687,6.665637034771056,0.48950590906107233,0.0272246849842198,0.4895088317904436,2.567813690388486
sub-2034_6,1.0,1.0952907748365862e-06,5.917195881894631,1.0,0.48818102048134115,0.4881818363024188,3.8517205416149496
sub-2034_7,1.0,0.005630473168530599,20.0,1.0,1.0,0.5042435201878016,5.2169581032958465
sub-2034_8,1.0,5.414307692351372e-08,5.95069897744557,0.4882463922272603,1.0,0.5037539698532127,5.409372217279651
sub-2034_9,1.0,0.5072373290341985,16.073767707535286,0.49564903977258057,0.5043509521652578,1.0,2.5678136287679907
sub-2034_10,1.0,1.239979575986825e-07,5.5618473170059035,0.4874277622929534,0.5125720560318071,0.5125750497360977,6.41953425072204
sub-2021_1,0.46611933431632246,0.0,0.12884561744630504,0.0,0.10472580432141362,0.32395983920416127,10.772136191216171
sub-2021_2,0.02146700313235119,0.030237531040483222,20.0,0.5034968023588817,0.49925755807672345,0.4965031797061581,8.856579326198894
sub-2021_3,0.08404589638408035,0.0,5.340613334554472,1.0,0.4684183166080832,0.49999886054959547,7.220694004486488
sub-2021_4,0.0,0.9995784470612192,0.33753492245146555,0.599895780144532,0.7071972039913579,0.29280281759703153,9.892708656038936
sub-2021_5,0.010083258973433984,0.5849117458181808,0.693960925676084,0.3992215931743829,0.27745893671395794,1.0,6.8602025396730095
sub-2021_6,0.0,0.0,5.411136917624001,1.0,0.48707654697657565,0.5041274664928642,7.977185954084204
sub-2021_7,1.0,0.28029339404445064,1.5685210763627415,0.16345771535638753,0.6741654502832923,0.5159245474199851,6.037220054051696
sub-2021_8,1.0,0.5179585380491978,0.32082786089964777,0.7179869893668749,0.7179868872645557,0.6926077968668785,9.625340578764328
sub-2021_9,0.0,0.8018389151227068,0.4487380657269331,0.3441490043430003,0.6558509869517255,1.0186396732630846e-07,8.656181853528487
sub-2021_10,0.02630682789846743,1.0,2.729917432093276,0.5173267007294673,0.5349164663448364,1.0,6.977271087880298
sub-2009_1,0.0,0.7955508057381554,6.653182852987103,0.5061118320299196,1.0,0.48949036935663076,8.0338829481234
sub-2009_2,0.0,0.016803524826345947,20.0,0.5011167523455267,0.503496813845224,0.5102405152726975,9.919707168250874
sub-2009_3,0.0,0.3119617030268008,0.3498436052391592,0.4999999916124884,0.43615694809835864,0.9821207157542213,10.06225229878949
sub-2009_4,0.0,1.0,0.20618103375268798,0.8391983819983584,1.0,0.16080163198944625,9.754773027640832
sub-2009_5,0.0,0.5066361949644503,10.534629141289987,0.500000032416215,0.49336264316271994,0.9999944099726871,5.340402626358163
sub-2009_6,0.011600735877440375,0.027628718931813026,20.0,0.49650319497569123,0.5045332994993081,0.49598800739257487,8.446815097344269
sub-2009_7,1.0,1.0,0.25787349735626236,1.0,0.2287962014749933,0.22879618142001118,9.096178055042605
sub-2009_8,0.1079403628460327,0.4933962771824879,10.59070824450572,0.49339644708458913,0.0,0.9999996416527875,2.567813821172133
sub-2009_9,0.0,1.0,5.089196858758687,0.4862588463025288,0.4999987646300514,0.5137405195513759,9.192123033107809
sub-2009_10,1.0,0.0,5.237219541317884,0.4866461998152691,0.5000015046213306,0.4999991860858264,9.60167313568384
sub-2037_1,0.0,0.0,5.098011011004876,1.0,0.47977892197614286,0.46691759223072654,7.78334424807814
sub-2037_2,1.0,0.0021342374684751434,4.873119642831814,0.514351467498763,0.0,0.4989583772157004,8.192255338421296
sub-2037_3,0.0,0.019445899439568006,20.0,0.5021074031315971,0.0,0.5004470979808451,7.300943823401733
sub-2037_4,0.2812867493037659,0.5335801981744923,0.8546467498557171,0.4181693698648335,1.0,0.39701610436308565,7.454920573455481
sub-2037_5,1.0,1.0,0.3984999080395459,0.3245011222731347,1.0,0.5000000094540799,8.207064091269794
sub-2037_6,0.3103149393122552,0.02132633088666723,20.0,0.499999996052554,0.4915666552637947,0.5078516645970019,8.142604550429358
sub-2037_7,0.0,0.008111051939551025,20.0,0.5064468280622036,0.49650318400921817,0.5002425993495443,9.447997711411155
sub-2037_8,0.021881176662448036,0.24920227163360403,1.4872855925928608,0.5069488341457744,0.7690763128745347,1.0,8.148342221283123
sub-2037_9,0.0,0.0,0.2247618986357473,0.18884285251517435,0.4999999825945423,0.0002145317622517041,9.933638199109193
sub-2037_10,0.0,0.8441765264091146,0.43536145712274893,0.3393605022399112,0.7189919780684412,1.0,8.167256941721643
sub-2023_1,0.7584135927262473,0.027230093802324513,20.0,0.4915666629877017,0.5186060003899963,0.505932451143176,6.186764486063442
sub-2023_2,0.018181355146845664,0.31348369968813805,20.0,0.49908446232960973,0.5034968143811277,0.0,5.701755647089361
sub-2023_3,0.01953283928132334,0.023694581188441397,20.0,0.503496803916034,0.4922998757659607,0.0,6.480310485906019
sub-2023_4,0.010248873059452247,1.0,20.0,0.5034968063426031,0.5063282915931768,0.5012163223203792,5.583160021628601
sub-2023_5,0.009152785477315701,1.0,12.360476818101423,0.49308073253922635,1.0,1.0,5.215043482465998
sub-2023_6,0.8181460719648652,1.0,0.39849990350232656,0.6754989216957744,0.3245011590458123,0.6754988984035813,8.002288997797894
sub-2023_7,0.27523020840454615,1.0,0.4642015379389608,0.5356595569487028,0.34934069226044523,0.6506592553751513,8.5024204201398
sub-2023_8,0.29692645884227975,0.5270692327532275,0.42369193588833876,0.7487781079236661,0.2917202411630467,0.5702240678170241,9.340381972976607
sub-2023_9,0.9998822048247461,0.5331921283005542,5.076782445606207,0.3060651260176599,0.48622725590828636,0.45580378604866395,6.684753099089097
sub-2023_10,0.004998664900562795,1.0,20.0,0.5008559015519862,0.3143097161611619,0.5034968110641664,7.417252389804287
sub-2022_1,3.0829027797856822e-09,0.021435898863357297,20.0,0.49650318388277126,0.501116756552194,0.5046948007082719,9.465877652517772
sub-2022_2,1.0,0.0,4.980337199128152,0.48595895439027315,0.4955136970241326,0.4549539914814022,7.646020269929191
sub-2022_3,0.02303602809923692,1.0,20.0,0.4904360276782479,0.4990433566808497,0.4965031839155303,7.521455538290443
sub-2022_4,0.0,0.46870445557288476,5.0102969511242135,0.4955416404802214,0.47757969015071783,0.0,8.718701475933331
sub-2022_5,0.0,0.0,0.14058086751280435,0.5351359882203602,0.21069362199874836,0.9974807032634955,10.601696447936703
sub-2022_6,0.06769113339053467,1.0,0.09074174740507782,0.0,1.0,0.5000000365821755,10.82094049246924
sub-2022_7,0.0,0.5133329405233864,5.153262910202986,0.5135687075710826,0.4956646198065253,0.9995179979796868,9.261092804329794
sub-2022_8,2.7584750156714418e-06,0.5134749832135285,5.1611776395685025,0.5135450582036685,0.5065296306842332,0.9998467164304022,9.296324264707573
sub-2022_9,0.051048357046541024,0.2398248107130596,1.859206503477699,0.5039076445303832,0.459907242730968,0.0,8.986083794313403
sub-2022_10,0.0,0.742986129576361,6.000950821296656,0.4999996615095439,0.5037202477147068,0.0,6.898054105505267
sub-2036_1,0.0,0.017353347696800355,7.988795905446638,0.4972083558686316,0.4912429518289066,0.5087913197096403,10.749782436536913
sub-2036_2,0.0,1.0,5.550752777556771,0.5125984617314473,0.49597806765445984,1.0,7.977185899928616
sub-2036_3,1.0,0.03669647229024417,5.520485450443544,0.5126670782829772,0.4873332832192597,0.0,5.732012077206339
sub-2036_4,0.6702860258087623,0.0,5.667141655660353,0.0,1.0,0.512340654707769,5.135627422897489
sub-2036_5,0.0,0.0,5.101180806865372,0.48629176020516296,0.4862916344031602,1.0,8.987347934395943
sub-2036_6,0.01707513034266827,0.7154605219958933,20.0,0.49866636673419945,0.5013408910902616,0.49650318224729456,9.914719626051411
sub-2036_7,1.0,0.0,5.08433189546027,0.4668317652504732,0.5137556796594334,0.49999831444935766,8.50460085570451
sub-2036_8,0.013890096724489286,0.008490011357808372,20.0,0.49650319243589747,0.0,0.5002016983888978,8.0637057531642
sub-2036_9,0.20976009362188786,0.0,0.44873797977480484,0.0,0.7873319481846991,0.8758693499525113,7.381121426136625
sub-2036_10,0.8107539788209998,0.05154651600294424,0.1992734392791544,0.0,1.0,0.14904362025486867,9.766641697753105
