Subject,alpha,beta,decay
1.0,0.03132739870179232,20.0,0.0
2.0,0.06824678625720083,20.0,0.6965988003551484
3.0,1.0,18.26447660503172,0.0
4.0,1.0,13.380593254874482,0.0
5.0,1.0,20.0,0.4547696853439391
6.0,0.05755066603756222,20.0,0.0
7.0,0.03132739819596837,20.0,0.0
8.0,0.04491239109146969,20.0,0.09950190224313132
9.0,1.0,15.47520089040421,0.0
10.0,1.0,13.226881848478353,0.0
11.0,1.0,20.0,0.5798140474577603
12.0,1.0,18.39840181090987,0.0
13.0,0.40265139782091947,20.0,0.593410962669635
14.0,1.0,12.842349682813008,0.0
15.0,1.0,20.0,0.5050652783410833
16.0,0.01622585690757154,20.0,0.0
17.0,0.18639028411322697,20.0,0.0
18.0,0.027495504876091863,20.0,0.0
19.0,0.047712294201593126,20.0,0.26322938677275964
20.0,1.0,14.119784105653999,0.0
21.0,0.1853476677169069,20.0,0.0
22.0,0.02735302417754829,20.0,0.0
23.0,1.0,12.405556853960993,0.0
24.0,0.05458402478140135,20.0,0.149417047594345
25.0,0.06476445702509687,20.0,0.0
26.0,0.026258489317028497,20.0,0.0
27.0,1.0,16.713741318036554,0.0
28.0,0.09366708853565169,20.0,0.0
29.0,0.18477578881752862,20.0,0.0
30.0,0.09366709075875566,20.0,0.0
31.0,1.0,12.351171611383137,0.0
32.0,1.0,20.0,0.0
33.0,1.0,20.0,0.0
34.0,1.0,16.36865573076202,0.0
35.0,1.0,20.0,0.0
36.0,1.0,20.0,0.0
37.0,0.11088961845034274,20.0,0.4189648261084898
38.0,1.0,13.400744171291675,0.0
39.0,1.0,13.71701467912428,0.0
40.0,1.0,18.606061240991522,0.0
41.0,1.0,20.0,0.0
42.0,1.0,13.108315652264189,0.0
43.0,0.8115287016282994,14.738284000436222,0.0
44.0,1.0,20.0,0.0
45.0,1.0,14.134218747308969,0.0
46.0,1.0,12.993455924118338,0.0
47.0,1.0,20.0,0.44219450194799265
48.0,1.0,12.492736815885353,0.0
49.0,1.0,20.0,0.0
50.0,1.0,20.0,0.46007807224273056
51.0,1.0,20.0,0.0
52.0,1.0,11.514345160516875,0.0
53.0,1.0,12.419673000190963,0.0
54.0,1.0,14.510881110526231,0.0
55.0,1.0,15.461537869271906,0.0
56.0,1.0,13.82789501536818,0.0
57.0,1.0,14.506859461764249,0.0
58.0,1.0,16.791585610344846,0.0
59.0,1.0,9.788528390628151,0.0
60.0,1.0,17.297377603437667,0.0
61.0,1.0,12.47132190795893,0.0
62.0,0.09429572024893096,20.0,0.0
63.0,0.18686901327068453,20.0,0.0
64.0,0.7627988956274225,16.819405597417088,0.0
65.0,1.0,14.867635329735803,0.0
66.0,0.09889387137731276,20.0,0.11933571690029017
67.0,1.0,13.434251211709356,0.0
68.0,1.0,15.268619024827162,0.0
69.0,0.29462489146515863,20.0,0.0
70.0,0.09290540097285674,20.0,0.0
71.0,1.0,14.159141095271222,0.0
72.0,0.09214802268655035,20.0,0.0
73.0,1.0,14.45339630279787,0.0
74.0,0.18639611324622288,20.0,0.0
75.0,1.0,20.0,0.0
76.0,1.0,13.866026327395419,0.0
77.0,1.0,20.0,0.0
78.0,1.0,15.769757487288068,0.0
79.0,1.0,13.057717945065775,0.0
80.0,0.09214177117815937,20.0,0.0
81.0,1.0,20.0,0.0
82.0,0.2332519503636982,20.0,0.0
83.0,0.20159046751149526,20.0,0.0
84.0,1.0,13.044900478921745,0.0
85.0,0.18477572997290082,20.0,0.0
86.0,0.08955406462518578,20.0,0.0
87.0,1.0,16.39877532877417,0.0
88.0,0.18588438731187695,20.0,0.0
89.0,1.0,15.158883632250118,0.0
90.0,1.0,16.00591036927101,0.0
91.0,1.0,13.556873386974166,0.0
92.0,1.0,12.132890847465484,0.0
93.0,1.0,16.81140839211273,0.0
94.0,1.0,15.36918139377317,0.0
95.0,1.0,18.63239041309372,0.0
96.0,1.0,10.781408170764784,0.0
97.0,1.0,11.913678210769651,0.0
98.0,1.0,16.887083450453684,0.0
99.0,0.09136083678004549,20.0,0.0
100.0,1.0,19.39019508411097,0.0
101.0,0.18639027643901213,20.0,0.0
102.0,1.0,19.4662452691621,0.0
103.0,1.0,12.961781549316376,0.0
104.0,1.0,20.0,0.0
105.0,1.0,14.109123351269544,0.0
106.0,1.0,12.842836853773372,0.0
107.0,1.0,14.869979877809586,0.0
108.0,1.0,15.771762080181022,0.0
109.0,1.0,13.86181722827827,0.0
110.0,0.06832053336232556,20.0,0.3301283619284789
111.0,1.0,15.366221294921122,0.0
112.0,0.4645905120560585,12.314871280651174,8.740671524880431e-10
113.0,1.0,12.381761886091908,0.0
114.0,1.0,16.54773839466441,0.0
115.0,1.0,13.746788881251325,0.0
116.0,1.0,20.0,0.07411618811119249
117.0,1.0,20.0,0.0
118.0,1.0,13.414003634627658,0.0
119.0,1.0,15.261736204534465,0.0
120.0,1.0,19.95641182209262,0.0
121.0,1.0,7.776149677537482,0.0
122.0,1.0,12.22317662357474,0.0
123.0,1.0,13.371934573680182,0.0
124.0,1.0,14.63341918700626,0.0
125.0,1.0,13.2467143530589,0.0
126.0,1.0,13.131981684042865,0.0
127.0,1.0,20.0,0.0
128.0,1.0,12.486477423991428,0.0
129.0,1.0,13.738044095055827,0.0
130.0,1.0,16.19593425270795,0.0
131.0,1.0,12.633130951954158,0.0
132.0,1.0,1.306581925777569,0.25524692376336017
133.0,1.0,20.0,0.0
134.0,1.0,12.209796784693495,0.0
135.0,1.0,14.284508927333102,0.0
136.0,1.0,13.01600322105803,0.0
137.0,1.0,20.0,0.0
138.0,1.0,15.993757566310226,0.0
139.0,1.0,20.0,0.0
140.0,1.0,10.838086972812418,0.0
141.0,1.0,14.071244259208028,0.0
142.0,1.0,12.669707060452703,0.0
143.0,1.0,20.0,0.0
144.0,1.0,15.85450725672657,0.0
145.0,1.0,18.572675203182374,0.0
146.0,1.0,16.076469245880293,0.0
147.0,1.0,12.74074264069463,0.0
148.0,0.9314786065614803,18.8584384374741,0.0
149.0,1.0,20.0,0.0
150.0,1.0,13.239735201021578,0.0
151.0,1.0,14.40605158709785,0.0
152.0,1.0,15.848207738945547,0.0
153.0,1.0,13.661546556295281,0.0
154.0,1.0,20.0,0.0
155.0,1.0,13.951394004252094,0.0
156.0,1.0,13.05212125725538,0.0
157.0,1.0,20.0,0.0
158.0,1.0,12.46363626114012,0.0
159.0,1.0,14.112548866590998,0.0
160.0,0.7755642545673235,16.764945469863644,0.0
161.0,0.8752330854139029,10.202520704868537,0.0
162.0,1.0,13.571182663502947,0.0
163.0,1.0,15.326230340445026,0.0
164.0,1.0,13.94015514911307,0.0
165.0,1.0,12.228911496322178,0.0
166.0,1.0,11.98436176931159,0.0
167.0,1.0,20.0,0.0
168.0,1.0,12.509204818770783,0.0
169.0,1.0,17.860287832488986,0.0
170.0,1.0,12.609830082800434,0.0
171.0,1.0,17.615870337967188,0.0
172.0,1.0,14.806610103862118,0.0
173.0,1.0,13.88635433322173,0.0
174.0,1.0,19.74019346648073,0.0
175.0,0.9825850735865659,20.0,0.0
176.0,1.0,7.860427939330085,0.0
177.0,1.0,20.0,0.0
178.0,1.0,17.583396748703542,0.0
179.0,1.0,13.849527763786327,0.0
180.0,1.0,14.408656947018422,0.0
181.0,1.0,9.646930179003048,0.0
182.0,0.9459223451818809,12.576025352503438,0.0
183.0,1.0,16.231580861224586,0.0
184.0,0.8380872547471139,19.905218258397785,0.0
185.0,1.0,11.34935559119648,0.0
186.0,1.0,20.0,0.0
187.0,1.0,12.723772214095947,0.0
188.0,1.0,14.31136704047444,0.0
189.0,1.0,11.353925721081461,0.0
190.0,1.0,15.719403726783918,0.0
191.0,1.0,12.199399318662225,0.0
192.0,1.0,20.0,0.0
193.0,1.0,13.840397071576064,0.0
194.0,1.0,13.834445241508549,0.0
195.0,1.0,16.90322720781699,0.0
196.0,1.0,20.0,0.0
197.0,1.0,20.0,0.0
198.0,1.0,18.206662502200075,0.0
199.0,1.0,13.820133506088144,0.0
200.0,1.0,20.0,0.0
201.0,1.0,13.506009474246259,0.0
202.0,1.0,14.003661179667965,0.0
203.0,1.0,15.762349042660187,0.0
204.0,1.0,14.828813095726128,0.0
205.0,1.0,12.57818475082633,0.0
206.0,1.0,20.0,0.0
207.0,1.0,11.988127941029088,0.0
208.0,1.0,17.850727395153033,0.0
209.0,1.0,14.070635883276564,0.0
210.0,1.0,15.161097330418892,0.0
211.0,1.0,13.006290222856162,0.0
212.0,1.0,15.38441388542367,0.0
213.0,1.0,14.180930866847257,0.0
214.0,1.0,17.165292753064886,0.0
215.0,1.0,14.787954905362712,0.0
216.0,1.0,12.350006309762577,0.0
217.0,1.0,15.165954253570657,0.0
218.0,1.0,19.08276384439919,0.0
219.0,1.0,10.734042581941218,0.0
220.0,1.0,13.54980121009742,0.0
221.0,1.0,20.0,0.0
222.0,1.0,16.10312355634373,0.0
223.0,1.0,12.417182088932904,0.0
224.0,1.0,15.152570746933042,0.0
225.0,1.0,13.789340920790062,0.0
226.0,1.0,13.183825555266052,0.0
227.0,1.0,13.143506064642391,0.0
228.0,1.0,13.720486702623713,0.0
229.0,1.0,15.462763204704721,0.0
230.0,1.0,12.018845718071837,0.0
231.0,1.0,13.908697759794304,0.0
232.0,1.0,12.882439262652987,0.0
233.0,1.0,20.0,0.0
234.0,1.0,13.186520049189747,0.0
235.0,1.0,12.789437001477236,0.0
236.0,1.0,20.0,0.0
237.0,1.0,12.47610709125469,0.0
238.0,0.02290215194629774,20.0,0.0
239.0,1.0,15.545322817103187,0.0
240.0,1.0,12.803756803131137,0.0
241.0,1.0,20.0,0.0
242.0,1.0,13.479673342860988,0.0
243.0,1.0,14.126458728910988,0.0
244.0,1.0,20.0,0.0
245.0,1.0,13.253439979470837,0.0
246.0,1.0,17.60098938227585,0.0
247.0,1.0,11.145228579016285,0.0
248.0,1.0,15.442393063147515,0.0
249.0,1.0,16.84920941691004,0.0
250.0,1.0,13.48879180773293,0.0
251.0,1.0,14.255232517792486,0.0
252.0,1.0,16.518883181064144,0.0
253.0,0.9519961877585819,14.456262666818201,0.0
254.0,0.03132739842473297,20.0,0.0
255.0,1.0,20.0,0.0
256.0,1.0,19.823971088525457,0.0
257.0,1.0,12.864595165726582,0.0
258.0,1.0,14.542868399367052,0.0
259.0,1.0,13.427553144738408,0.0
260.0,1.0,20.0,0.0
261.0,1.0,20.0,0.0
262.0,1.0,14.240497052264372,0.0
263.0,1.0,14.883874856847653,0.0
264.0,1.0,12.573942688909147,0.0
265.0,1.0,12.623412974726994,0.0
266.0,1.0,12.887102396183685,0.0
267.0,1.0,17.38985338394677,0.0
268.0,1.0,14.07827616716258,0.0
269.0,1.0,16.747467176038096,0.0
270.0,1.0,13.120489343637159,0.0
271.0,1.0,14.148551390341112,0.0
272.0,1.0,13.455344698732832,0.0
273.0,1.0,15.125950911711062,0.0
274.0,1.0,14.032625499520305,0.0
275.0,1.0,14.087345124966097,0.0
276.0,1.0,16.034307575616253,0.0
277.0,1.0,17.805775682214303,0.0
278.0,1.0,16.38156306342815,0.0
279.0,1.0,15.677958983637513,0.0
280.0,1.0,20.0,0.0
281.0,1.0,15.316661685216253,0.0
282.0,1.0,20.0,0.0
283.0,1.0,19.457869199756118,0.0
284.0,1.0,20.0,0.0
285.0,1.0,18.975208099861767,0.0
286.0,1.0,13.342931514684192,0.0
287.0,1.0,13.24381794695837,0.0
288.0,0.9947952378422549,17.491442565925997,0.0
289.0,1.0,12.571929125852433,0.0
290.0,1.0,7.819395773208608,0.0
291.0,1.0,14.569211604759131,0.0
292.0,1.0,17.94424665548243,0.0
293.0,1.0,20.0,0.0
294.0,1.0,20.0,0.0
295.0,1.0,17.708700537730763,0.0
296.0,1.0,13.885076277318475,0.0
297.0,1.0,12.774744904703413,0.0
298.0,1.0,10.69859076186967,0.0
299.0,1.0,14.288331765409671,0.0025443793426716743
300.0,1.0,15.63993958747098,0.0
301.0,1.0,12.698939963528053,0.0
302.0,1.0,13.704097216877438,0.0
303.0,1.0,14.463619155248931,0.0
304.0,1.0,17.565925800004997,0.0
305.0,1.0,19.761714677519024,0.0
306.0,1.0,10.652328685426847,0.0
307.0,1.0,20.0,0.0
308.0,1.0,14.797861473850666,0.0
309.0,1.0,14.847388442215072,0.0
310.0,1.0,14.06416926694394,0.0
311.0,1.0,13.805083497424945,0.0
312.0,1.0,14.184195231025491,0.0
313.0,1.0,9.784583995551113,0.0
314.0,1.0,12.627115189300016,0.0
315.0,1.0,13.029489065944949,0.0
316.0,1.0,13.008443221818593,0.0
317.0,1.0,20.0,0.0
318.0,1.0,12.781000838935121,0.0
319.0,1.0,17.087148394865245,0.0
320.0,1.0,15.560757108080313,0.0
321.0,1.0,17.12479387057539,0.0
322.0,1.0,11.603052766977918,0.0
323.0,1.0,16.05850753075226,0.0
324.0,1.0,19.441003508104913,0.0
325.0,1.0,17.0763535422361,0.0
326.0,1.0,17.594914472278134,0.0
327.0,1.0,15.055953849833168,0.0
328.0,1.0,19.10590604889887,0.0
329.0,1.0,12.438742134140435,0.0
330.0,1.0,12.92246502599854,0.0
331.0,1.0,14.759649987304314,0.0
332.0,1.0,16.763072219555944,0.0
333.0,1.0,11.947155072877198,0.0
334.0,1.0,20.0,0.0
335.0,1.0,12.282556935232783,0.0
336.0,1.0,20.0,0.0
337.0,1.0,15.196290621597367,0.0
338.0,1.0,18.137912650480214,0.0
339.0,1.0,11.914131384122046,0.0
340.0,1.0,13.670104007181967,0.0
341.0,1.0,15.996185199558795,0.0
342.0,1.0,16.599553643397144,0.0
343.0,1.0,12.354955675053317,0.0
344.0,1.0,16.841649835322304,0.0
345.0,1.0,12.47011878006576,0.0
346.0,0.05170880132127095,20.0,0.31554907940779237
347.0,1.0,12.554982398370093,0.0
348.0,1.0,13.018626354741151,0.0
349.0,1.0,20.0,0.0
350.0,1.0,11.816309877501633,0.0
351.0,1.0,12.238950748754739,0.0
352.0,1.0,19.702899772169786,0.0
353.0,1.0,17.972738944299945,0.0
354.0,0.9607472674698926,18.300886524847446,0.0
355.0,1.0,13.092164407819588,0.0
356.0,1.0,20.0,0.0
357.0,1.0,15.42635774811024,0.0
358.0,1.0,20.0,0.0
359.0,1.0,14.911302098015922,0.0
360.0,1.0,20.0,0.0
361.0,1.0,17.744054490614246,0.0
362.0,1.0,20.0,0.0
363.0,0.022879198230029717,20.0,0.0
364.0,1.0,14.430643501373364,0.0
365.0,1.0,12.603566880216414,0.0
366.0,1.0,11.84219982861267,0.0
367.0,1.0,12.968520851352096,0.0
368.0,1.0,18.086597633247138,0.0
369.0,1.0,17.40061443511511,0.0
370.0,1.0,13.131306341697181,0.0
371.0,1.0,11.85822330430277,0.0
372.0,0.8962814547576736,14.865399950409982,0.0
373.0,1.0,12.885741650262855,0.0
374.0,1.0,14.308268744557324,0.0
375.0,1.0,16.3207219567475,0.0
376.0,1.0,18.24211141541303,0.0
377.0,1.0,16.169050485816207,0.0
378.0,0.9686996107329972,20.0,0.0
379.0,1.0,18.842331001837383,0.0
380.0,1.0,13.399491279960523,0.0
381.0,1.0,20.0,0.0
382.0,1.0,17.84908388227755,0.0
383.0,1.0,15.298612303311028,0.0
384.0,1.0,15.683856981389592,0.0
385.0,1.0,13.996653414332584,0.0
386.0,1.0,17.699741542648006,0.0
387.0,1.0,20.0,0.0
388.0,1.0,13.034038864246158,0.0
389.0,1.0,14.27870184467906,0.0
390.0,1.0,15.454288295462469,0.0
391.0,1.0,11.085055156189645,0.0
392.0,1.0,20.0,0.0
393.0,1.0,20.0,0.0
394.0,1.0,19.07138820220677,0.0
395.0,1.0,20.0,0.0
396.0,1.0,17.377823809369044,0.0
397.0,1.0,17.460017539865387,0.0
398.0,1.0,12.015601442264058,0.0
399.0,1.0,13.527294417046841,0.0
400.0,1.0,13.828191185603302,0.0
401.0,1.0,19.649682052509398,0.0
402.0,1.0,14.274893127247058,0.0
403.0,1.0,16.13339755179608,0.004693081522212372
404.0,1.0,12.006871359095275,0.0
405.0,1.0,12.862699052324945,0.0
406.0,0.9780441039736332,12.907176327690063,0.0
407.0,1.0,15.229538001748683,0.0
408.0,1.0,12.232774691416283,0.0
409.0,1.0,20.0,0.0
410.0,1.0,20.0,0.0
411.0,1.0,13.508092633001523,0.0
412.0,1.0,10.057890688160294,0.0
413.0,1.0,15.638119328719585,0.0
414.0,1.0,13.004004329550607,0.0
415.0,1.0,10.503465702528946,0.0
416.0,1.0,14.589756199056595,0.0
417.0,1.0,12.801630219213031,0.0
418.0,1.0,20.0,0.0
419.0,1.0,13.006049012572948,0.0
420.0,1.0,12.984591503064085,0.0
421.0,1.0,12.287890735652196,0.0
422.0,1.0,10.892521223662083,0.0
423.0,1.0,13.906211071238149,0.0
424.0,1.0,13.903990243708225,0.0
425.0,1.0,13.287307758469314,0.0
426.0,1.0,12.22461739973437,0.0
427.0,1.0,18.110033937473872,0.0
428.0,1.0,13.602059682669058,0.0
429.0,0.9186610400974325,13.4998781982435,0.0
430.0,1.0,17.779599998329065,0.0
431.0,1.0,12.367510957724713,0.0
432.0,1.0,19.088022564594805,0.0
433.0,0.015439263880836664,20.0,0.20658156751023035
434.0,0.02605853664951135,20.0,0.0
435.0,0.629441384695543,20.0,0.5766631894888989
436.0,0.15335490055991513,20.0,0.33329692945462597
437.0,1.0,13.250637685863753,0.0
438.0,1.0,15.611003121117236,0.0
439.0,0.0554663972902814,20.0,0.0
440.0,1.0,13.525058431264076,0.0
441.0,0.22955051542383792,20.0,0.0
442.0,1.0,10.073134442503946,1.0
443.0,1.0,17.62701421232233,0.0
444.0,0.02616040478358479,20.0,0.0
445.0,0.021551055656984567,20.0,0.0
446.0,0.23595142666665642,20.0,0.0
447.0,1.0,13.30050674325745,0.0
448.0,1.0,20.0,0.4247307359029696
449.0,1.0,15.851018175968852,0.0
450.0,0.23594398272744987,20.0,0.0
451.0,1.0,20.0,0.0
452.0,1.0,20.0,0.0
453.0,1.0,16.02560703307754,0.0
454.0,1.0,15.013822188989407,0.0
455.0,0.020907950607681754,20.0,0.0
456.0,1.0,16.93384640574791,0.0
457.0,0.11701791542313891,20.0,0.0
458.0,1.0,20.0,0.0
459.0,1.0,12.504435616161537,0.0
460.0,1.0,20.0,0.0
461.0,1.0,12.43176756289456,0.0
462.0,1.0,13.194946968212802,0.0
463.0,1.0,15.933521134050423,0.0
464.0,0.02858145362513476,20.0,0.0
465.0,1.0,16.847157262530093,0.0
466.0,0.04558675335340394,20.0,0.0
467.0,0.18478282332362997,20.0,0.0
468.0,1.0,11.952258409504164,0.9999999992921242
469.0,1.0,12.904817043707393,0.0
470.0,1.0,14.249078756275749,0.0
471.0,0.059258860735053404,20.0,0.0
472.0,1.0,15.22714422527406,0.0
473.0,1.0,12.493538350797992,0.0
474.0,0.05258759022708619,20.0,0.0
475.0,0.05530447784379048,20.0,0.0
476.0,1.0,16.11780218082994,0.0
477.0,0.22955611178013216,20.0,0.0
478.0,1.0,15.690039492978556,0.0
479.0,1.0,14.797250359716978,0.0
480.0,0.09981137349623198,20.0,0.31995079466459925
481.0,1.0,11.45259871871131,0.0
482.0,0.18272982914678879,20.0,0.45941927276100986
483.0,1.0,14.599513960146766,0.0
484.0,0.057567118860523556,20.0,0.0
485.0,0.1863902201049918,20.0,0.0
486.0,1.0,12.424866113254508,0.0
487.0,1.0,14.181943600748731,0.0
488.0,1.0,9.421743888979632,0.0
489.0,1.0,16.189730850022702,0.0
490.0,0.18534766999367772,20.0,0.0
491.0,1.0,12.008702129775802,0.0
492.0,0.05278058990574692,20.0,0.0
493.0,0.22954652477873397,20.0,0.0
494.0,0.044905569661776085,20.0,0.0
495.0,1.0,12.896306358575297,0.0
496.0,1.0,14.48764153030992,0.0
497.0,0.055123294643969735,20.0,0.0
498.0,1.0,12.439133137256059,0.0
499.0,1.0,15.145809559103576,0.0
500.0,1.0,14.147313910882367,0.0
501.0,1.0,16.961269573932363,0.0
502.0,0.05529115310367014,20.0,0.0
503.0,1.0,20.0,0.0
504.0,1.0,18.170333741411586,0.0
505.0,1.0,12.157081639690473,0.0
506.0,1.0,14.081302803966661,0.0
507.0,1.0,10.982235351201604,0.0
508.0,0.058773045197457865,20.0,0.0
509.0,1.0,11.625382174354153,0.0
510.0,0.014833720578053655,20.0,0.0
511.0,1.0,13.869070037246152,0.0
512.0,1.0,12.779130693824085,0.0
513.0,1.0,12.582453012308354,0.0
514.0,1.0,20.0,0.0
515.0,1.0,14.512722558972811,0.0
516.0,0.05909822322362559,20.0,0.0
517.0,1.0,12.169229935865172,0.0
518.0,0.05278238030315408,20.0,0.0
519.0,1.0,13.78278782838014,0.0
520.0,1.0,14.125466192794164,0.0
521.0,1.0,13.315991124166395,0.0
522.0,1.0,14.007513981056851,0.0
523.0,0.04982452845086551,20.0,0.0
524.0,0.028551985149865768,20.0,0.0
525.0,1.0,15.717373483422339,0.0
526.0,1.0,15.528431708364655,0.0
527.0,1.0,20.0,0.0
528.0,1.0,13.815557988848953,0.0
529.0,0.11589076808365235,20.0,0.0
530.0,1.0,16.22863212093414,0.0
531.0,1.0,15.115318769274099,0.0
532.0,0.03805403403138061,20.0,0.0
533.0,1.0,15.58510722617663,0.0
534.0,0.05511339103061199,20.0,0.0
535.0,1.0,12.421820036056683,0.0
536.0,0.05742894197535965,20.0,0.0
537.0,1.0,13.590632069803657,0.0
538.0,0.03087999962655846,20.0,0.0
539.0,0.05740025284615968,20.0,0.0
540.0,1.0,14.8924680822429,0.0
541.0,1.0,15.307776752518455,0.0
542.0,1.0,19.226975807838834,0.0
543.0,1.0,15.552739006807547,0.0
544.0,1.0,15.934860709305214,0.0
545.0,1.0,13.207733918534435,0.0
546.0,1.0,15.713076764221416,0.0
547.0,1.0,11.03611514799252,0.0
548.0,1.0,17.46266963187241,0.0
549.0,1.0,16.51755948284021,0.0
550.0,1.0,17.16680210896173,0.0
551.0,1.0,13.272562316356849,0.0
552.0,1.0,14.886570157112015,0.0
553.0,0.3877526006135583,20.0,0.7371247645747742
554.0,1.0,13.607563467872481,0.0
555.0,1.0,18.332740398733193,0.0
556.0,1.0,20.0,0.0
557.0,1.0,17.675437296186008,0.0
558.0,1.0,16.734490830175105,0.0
559.0,0.4261894266188754,20.0,0.268381507604746
560.0,1.0,11.997539761522958,0.0
561.0,0.4614301597806509,20.0,0.0
562.0,1.0,14.002436688691994,0.0
563.0,1.0,14.48896732095756,0.0
564.0,1.0,10.852106595791563,0.0
565.0,1.0,6.554379384131648,0.0
566.0,1.0,14.365844818696607,0.0
567.0,1.0,16.973189843524104,0.0
568.0,1.0,12.069587866994151,0.0
569.0,1.0,14.294904360345825,0.0
570.0,1.0,12.78841635115368,0.0
571.0,1.0,17.707672502035567,0.0
572.0,1.0,14.952934602690428,0.0
573.0,1.0,20.0,0.0
574.0,1.0,15.094436081707043,0.0
575.0,1.0,12.42740296874829,0.0
576.0,1.0,19.36284987813777,0.0
577.0,1.0,12.234589934104774,0.0
578.0,1.0,15.606780640510191,0.0
579.0,1.0,12.407763221672012,0.0
580.0,1.0,13.173536142565515,0.0
581.0,1.0,11.191201131000327,0.0
582.0,1.0,14.021950977842224,0.0
583.0,0.3494910357316962,20.0,0.8866671162968148
584.0,1.0,14.378465767435243,0.0
585.0,1.0,15.776892520262852,0.0
586.0,1.0,20.0,0.0
587.0,1.0,14.320378844593284,0.0
588.0,1.0,12.405732554865299,0.0
589.0,1.0,12.533793591680606,0.0
590.0,1.0,14.405861277395015,0.0
591.0,1.0,17.613848237229895,0.0
592.0,1.0,20.0,0.0
593.0,0.9506349581789039,20.0,0.0
594.0,1.0,13.618567756917887,0.0
595.0,1.0,13.748343548087558,0.0
596.0,1.0,13.256397943327094,0.0
597.0,1.0,15.204616335158091,0.0
598.0,1.0,15.216693272760207,0.0
599.0,1.0,20.0,0.0
600.0,1.0,11.933658706132405,0.0
601.0,1.0,16.145101483841874,0.0
602.0,1.0,15.903624058216073,0.0
603.0,1.0,14.08736533232673,0.0
604.0,1.0,16.257520962833382,0.0
605.0,1.0,12.52086087288342,0.0
606.0,1.0,13.670031607947102,0.0
607.0,1.0,13.892084961096055,0.0
608.0,1.0,14.046790385115875,0.0
609.0,1.0,14.647383800580268,0.0
610.0,1.0,12.330378428306217,0.0
611.0,0.9363752343264583,14.406401320114608,0.0
612.0,1.0,20.0,0.0
613.0,1.0,17.248328410278905,0.0
614.0,1.0,12.389249021571295,0.0
615.0,1.0,13.553897080197942,0.0
616.0,1.0,12.577058800186977,0.0
617.0,1.0,12.16321235323851,0.0
618.0,1.0,20.0,0.0
619.0,1.0,20.0,0.0
620.0,1.0,9.22154184637958,0.0
621.0,1.0,16.726915616918166,0.0
622.0,1.0,20.0,0.0
623.0,1.0,11.989944587268253,0.0
624.0,1.0,17.247647261775278,0.0
625.0,1.0,12.672334863353244,0.0
626.0,1.0,12.661592721979128,0.0
627.0,1.0,12.382876879600877,0.0
628.0,1.0,13.10958904146362,0.0
629.0,1.0,11.99929257420585,0.0
630.0,1.0,12.013925135439218,0.0
631.0,1.0,12.305578371334597,0.0
632.0,1.0,13.198227271392746,0.0
633.0,1.0,17.66589657036912,0.0
634.0,1.0,12.117737294663357,0.0
635.0,1.0,13.694889462223498,0.0
636.0,0.6616448174089656,15.1008808178012,0.0
637.0,1.0,17.65734455695644,0.0
638.0,1.0,12.76437074561196,0.0
639.0,1.0,12.344292873685196,0.0
640.0,1.0,20.0,0.0
641.0,1.0,13.501759123741047,0.0
642.0,1.0,12.977760707646567,0.0
643.0,1.0,16.832582923786823,0.0
644.0,1.0,15.86662995928689,0.0
645.0,1.0,12.707138154285165,0.0
646.0,1.0,13.001161852589743,0.0
647.0,1.0,13.748282707701026,0.0
648.0,1.0,13.951986182515206,0.0
649.0,1.0,17.96561344673812,0.0
650.0,1.0,20.0,0.0
651.0,1.0,16.01774186073405,0.0
652.0,1.0,19.008870476654444,0.0
653.0,1.0,14.951335822760338,0.0
654.0,1.0,15.358152450729722,0.0
655.0,1.0,14.301188742915734,0.0
656.0,1.0,14.288747000618415,0.0
657.0,1.0,11.393494107708639,0.0
658.0,1.0,14.216804142120411,0.0
659.0,1.0,15.482879601416764,0.0
660.0,1.0,17.43154932214622,0.0
661.0,1.0,15.502177247733714,0.0
662.0,1.0,12.474657948541672,0.0
663.0,1.0,16.49066528398489,0.0
664.0,1.0,14.79669002046824,0.0
665.0,1.0,12.962372931535299,0.0
666.0,1.0,10.527827980902275,0.0
667.0,1.0,17.100795740418683,0.0
668.0,1.0,12.429555048234441,0.0
669.0,1.0,15.262131932798857,0.0
670.0,1.0,18.844105247173037,0.0
671.0,1.0,20.0,0.0
672.0,1.0,17.944534879200386,0.0
673.0,1.0,15.300723116067193,0.0
674.0,1.0,18.309410119740026,0.0
675.0,1.0,12.1833543192664,0.0
676.0,1.0,14.371691026164138,0.0
677.0,0.9943616011789247,15.450888093544805,0.0
678.0,1.0,12.273143867274072,0.0
679.0,1.0,12.995056952814016,0.0
680.0,1.0,12.49832815267712,0.0
681.0,1.0,13.798993526729623,0.0
682.0,1.0,11.856087267229956,0.0
683.0,1.0,11.363376248537744,0.0
684.0,1.0,14.76298577713506,0.0
685.0,1.0,20.0,0.0
686.0,1.0,20.0,0.0
687.0,1.0,16.825359741853287,0.0
688.0,1.0,11.94704271430783,0.0
689.0,1.0,18.87509357088416,0.0
690.0,1.0,13.343422147584487,0.0
691.0,1.0,11.916241878386286,0.0
692.0,1.0,20.0,0.0
693.0,1.0,13.820189990708508,0.0
694.0,1.0,10.163175142733426,0.0
695.0,1.0,14.197193460120152,0.0
696.0,1.0,20.0,0.0
697.0,1.0,14.857296157377847,0.0
698.0,1.0,13.819158004371387,0.0
699.0,1.0,13.296138376916122,0.0
700.0,1.0,15.506358174609197,0.0
701.0,1.0,18.536773339438742,0.0
702.0,1.0,14.196528623969705,0.0
703.0,1.0,12.457603332328041,0.0
704.0,1.0,17.095406400218774,0.0
705.0,1.0,20.0,0.0
706.0,0.8359895352338006,20.0,0.0
707.0,1.0,17.374959200490533,0.0
708.0,1.0,15.938488929188802,0.0
709.0,1.0,13.361960713981874,0.0
710.0,1.0,17.557256001043932,0.0
711.0,1.0,16.288356735964364,0.0
712.0,1.0,20.0,0.0
713.0,1.0,14.961645459620609,0.0
714.0,0.8435396706914845,17.73245257913716,0.0
715.0,1.0,12.498504630349528,0.0
716.0,1.0,19.40924249993904,0.0
717.0,1.0,13.254748093713431,0.0
718.0,1.0,12.751764179724109,0.0
719.0,1.0,16.178818915323358,0.0
720.0,1.0,20.0,0.0
721.0,1.0,12.737518090453715,0.0
722.0,1.0,13.868769246749027,0.0
723.0,1.0,20.0,0.0
724.0,1.0,12.594000319899703,0.0
725.0,1.0,14.555891882975288,0.0
726.0,1.0,13.034502366770877,0.0
727.0,1.0,12.078802548559409,0.0
728.0,1.0,20.0,0.0
729.0,1.0,16.233333059449315,0.0
730.0,1.0,15.606058321091858,0.0
731.0,1.0,13.341655598950826,0.0
732.0,1.0,20.0,0.0
733.0,1.0,12.35292561784977,0.0
734.0,1.0,12.266903560092608,0.0
735.0,1.0,12.587560296297706,0.0
736.0,1.0,13.244063739108821,0.0
737.0,1.0,12.759542832726568,0.0
738.0,1.0,16.700232011550668,0.0
739.0,1.0,20.0,0.0
740.0,1.0,15.403636064483639,0.0
741.0,1.0,12.116960957939053,0.0
742.0,1.0,13.549248504761497,0.0
743.0,1.0,14.13093438998054,0.0
744.0,1.0,12.096551967489134,0.0
745.0,1.0,13.033929284329208,0.0
746.0,1.0,20.0,0.0
747.0,1.0,13.049672390624352,0.0
748.0,1.0,11.12468270457607,0.0
749.0,0.9983074755574582,20.0,0.0
750.0,1.0,10.614560332691942,0.0
751.0,1.0,12.84940437941475,0.0
752.0,1.0,14.732878076811435,0.0
753.0,1.0,20.0,0.0
754.0,1.0,20.0,0.0
755.0,1.0,13.853864110466473,0.0
756.0,1.0,17.351864118743446,0.0
757.0,1.0,20.0,0.0
758.0,1.0,16.526250094267912,0.0
759.0,1.0,19.610178108940442,0.0
760.0,1.0,20.0,0.0
761.0,1.0,10.36030548003453,0.0
762.0,1.0,20.0,0.0
763.0,1.0,13.250854746219973,0.0
764.0,1.0,14.222565721765594,0.0
765.0,1.0,15.295172268832086,0.0
766.0,1.0,14.994351305116483,0.0
767.0,1.0,12.214764167005013,0.0
768.0,1.0,13.322564268747943,0.0
769.0,0.025910613726044356,20.0,0.0
770.0,0.954754165268465,13.086270228157396,0.0
771.0,1.0,14.395937027908964,0.0
772.0,1.0,12.976373159324357,0.0
773.0,1.0,12.08485279099308,0.0
774.0,1.0,20.0,0.0
775.0,1.0,11.87587258075466,0.0
776.0,1.0,13.602233200262441,0.0
777.0,1.0,15.869586455141407,0.0
778.0,1.0,19.063082279402895,0.0
779.0,1.0,11.930189567257061,0.0
780.0,1.0,11.877669384519468,0.0
781.0,1.0,12.14311275561305,0.0
782.0,1.0,15.659404544038722,0.0
783.0,1.0,20.0,0.0
784.0,1.0,15.867759575432562,0.0
785.0,1.0,13.179388249062045,0.0
786.0,1.0,14.215319474023879,0.0
787.0,1.0,20.0,0.0
788.0,1.0,17.082672487037666,0.0
789.0,1.0,19.14695940809075,0.0
790.0,1.0,13.176969683101749,0.0
791.0,1.0,12.376364814274869,0.0
792.0,1.0,14.251075809853472,0.0
793.0,1.0,15.500404494198465,0.0
794.0,1.0,20.0,0.0
795.0,1.0,15.306957590504485,0.0
796.0,1.0,19.177996743342547,0.0
797.0,1.0,20.0,0.0
798.0,1.0,12.4800701544733,0.0
799.0,1.0,15.119886425414057,0.0
800.0,0.8113484989878803,20.0,0.0
801.0,1.0,15.124889057214217,0.0
802.0,1.0,20.0,0.0
803.0,1.0,12.62246442102836,0.0
804.0,1.0,9.05015593305302,0.0
805.0,1.0,13.68323915947184,0.0
806.0,1.0,19.89733016954608,0.0
807.0,1.0,13.83431057540147,0.0
808.0,1.0,15.478749311539762,0.0
809.0,1.0,12.237826190176296,0.0
810.0,1.0,17.063573163250087,0.0
811.0,1.0,12.887036952808565,0.0
812.0,1.0,12.270352056693065,0.0
813.0,1.0,14.768378524096619,0.0
814.0,1.0,17.985248394465003,0.0
815.0,1.0,10.263112939623923,0.0
816.0,1.0,12.886474585067608,0.0
817.0,1.0,14.232869224196262,0.0
818.0,1.0,20.0,0.0
819.0,1.0,16.582057499019097,0.0
820.0,1.0,20.0,0.0
821.0,1.0,14.826088250603883,0.0
822.0,1.0,19.09781859769657,0.0
823.0,1.0,12.419100994894105,0.0
824.0,1.0,13.25410243928236,0.0
825.0,1.0,11.836569304828402,0.0
826.0,1.0,12.185823473109995,0.0
827.0,1.0,12.721958761913008,0.0
828.0,1.0,13.127518849355926,0.0
829.0,1.0,13.673928617840248,0.0
830.0,1.0,13.024317942807718,0.0
831.0,1.0,15.004264928273335,0.0
832.0,1.0,12.974012654487463,0.0
833.0,1.0,14.444226126785118,0.0
834.0,1.0,20.0,0.0
835.0,1.0,13.748274025875252,0.0
836.0,1.0,15.830395581986515,0.0
837.0,1.0,20.0,0.0
838.0,1.0,17.69007384512746,0.0
839.0,1.0,15.228464750112904,0.0
840.0,1.0,14.541101160194906,0.0
841.0,1.0,14.057834166148243,0.0
842.0,1.0,14.63066774132509,0.0
843.0,1.0,12.226905286892416,0.0
844.0,1.0,14.876629809609438,0.0
845.0,1.0,19.955082674288477,0.0
846.0,1.0,15.688425548325538,0.0
847.0,1.0,13.902491773208542,0.0
848.0,1.0,18.94913496905713,0.0
849.0,0.8216658381297367,20.0,0.0
850.0,1.0,17.332999126460557,0.0
851.0,1.0,15.915542221645786,0.0
852.0,1.0,20.0,0.0
853.0,1.0,17.3670933147608,0.0
854.0,1.0,11.027868421436152,0.0
855.0,1.0,14.945703658490949,0.0
856.0,1.0,14.067258015980576,0.0
857.0,1.0,12.450533810559829,0.0
858.0,1.0,16.528770789901685,0.0
859.0,1.0,14.883306892119503,0.0
860.0,1.0,13.581518002019571,0.0
861.0,0.9941818793381362,20.0,0.0
862.0,1.0,18.822161429761596,0.0
863.0,1.0,14.254606325178303,0.0
864.0,1.0,13.41788750316227,0.0
865.0,0.013611195489402374,20.0,0.0
866.0,1.0,12.962660954856695,0.5958018180538454
867.0,0.03093253911591443,20.0,0.0
868.0,0.02695377499054333,20.0,0.0
869.0,1.0,0.7309412225686639,0.0
870.0,0.049633330610044386,20.0,0.0
871.0,0.014055696402301048,20.0,0.0
872.0,0.13799467722294165,20.0,0.41745048377939686
873.0,1.0,12.187998108589385,0.0
874.0,1.0,20.0,0.0
875.0,1.0,12.972910495422672,0.0
876.0,1.0,15.624392272697856,0.0
877.0,1.0,13.46975261968038,0.0
878.0,1.0,12.490737134981554,0.0
879.0,1.0,20.0,0.43364689991033795
880.0,1.0,15.422849239599088,0.0
881.0,0.016050499488342928,20.0,0.0
882.0,0.2749736117788161,19.872875292612168,0.0
883.0,0.5512101314625056,0.5578448681861963,0.0
884.0,0.0526868605873679,20.0,0.0
885.0,1.0,12.533511807482084,0.0
886.0,0.18588430876957035,20.0,0.0
887.0,1.0,14.453499352428036,0.0
888.0,0.02458684430636895,20.0,0.11422207712718736
889.0,1.0,15.503808548745145,0.0
890.0,0.027967401061915947,20.0,0.0
891.0,0.1858904525368478,20.0,0.0
892.0,1.0,18.331542283022777,0.0
893.0,0.04067662440589371,20.0,0.0
894.0,0.1854202304220949,20.0,0.0
895.0,1.0,8.726029064860558,0.0
896.0,1.0,20.0,0.0
897.0,1.0,18.45549326699124,0.0
898.0,0.013844498713925396,20.0,0.0
899.0,1.0,14.195041004731035,0.0
900.0,1.0,13.945414410003197,0.0
901.0,0.02733487659569747,20.0,0.0
902.0,0.907268358463556,13.527743271254831,0.0
903.0,1.0,12.651243077827097,0.0
904.0,1.0,14.650559756279664,0.0
905.0,1.0,20.0,0.577393033942899
906.0,0.1853542135006544,20.0,0.0
907.0,1.0,16.150725255016702,0.0
908.0,1.0,16.24956908699884,0.0
909.0,1.0,8.275445844038597,0.0
910.0,0.055479443592972986,20.0,0.0
911.0,1.0,14.91156776599073,0.0
912.0,1.0,20.0,0.0
913.0,1.0,17.7706031457604,0.22500560143401774
914.0,0.06092340331720675,20.0,0.0288176349527895
915.0,0.052499324759198676,20.0,0.0
916.0,1.0,20.0,0.0
917.0,1.0,13.718159907456233,0.0
918.0,1.0,19.750550499032272,0.18313248313833408
919.0,1.0,13.23990062625178,0.0
920.0,1.0,15.741223046250225,0.0
921.0,0.059258862721060644,20.0,0.0
922.0,1.0,11.451825869155517,0.0
923.0,1.0,17.816195958839803,0.0
924.0,1.0,20.0,0.0
925.0,1.0,13.015513276008623,0.0
926.0,0.23808627077275316,20.0,0.0
927.0,0.0590982226552936,20.0,0.0
928.0,1.0,14.352654289316195,0.0
929.0,1.0,12.751812829055813,0.0
930.0,0.18589047687257268,20.0,0.0
931.0,1.0,14.372141434389233,0.0
932.0,0.06056365089399998,20.0,0.24985962925742988
933.0,1.0,20.0,0.0
934.0,0.015276087766341099,20.0,0.0
935.0,1.0,12.880406320442633,0.0
936.0,1.0,14.702548864193874,0.0
937.0,0.05726027422131445,20.0,0.0
938.0,0.04056689947201361,20.0,0.0
939.0,1.0,13.20206331543921,0.0
940.0,1.0,19.303508697540476,0.0
941.0,0.9792801163787568,14.262990742445574,0.0
942.0,1.0,13.335884556013974,0.0
943.0,0.1868689875649077,20.0,0.0
944.0,1.0,18.869528486136115,0.0
945.0,1.0,14.400826838207912,0.0
946.0,0.09157072689154351,20.0,0.13144898253066523
947.0,1.0,14.470784716947728,0.0
948.0,1.0,14.51256214046046,0.0
949.0,1.0,15.689108364739578,0.0
950.0,1.0,17.754019297755715,0.0
951.0,0.049632950385951766,20.0,0.0
952.0,1.0,14.371747415999755,0.0
953.0,1.0,17.19053723308335,0.0
954.0,1.0,17.454040782580098,0.0
955.0,1.0,12.776032012784793,0.0
956.0,0.7296937550291274,18.562288036932447,0.015737858805065508
957.0,0.04545106176638186,20.0,0.0
958.0,0.1853476472192999,20.0,0.0
959.0,1.0,16.39288144727468,0.0
960.0,1.0,12.274581422756551,0.0
961.0,1.0,16.171023176427685,0.0
962.0,0.05323685151886984,20.0,0.0
963.0,1.0,13.733900834537097,0.0
964.0,1.0,12.775748108077424,0.0
965.0,0.05530447442194698,20.0,0.0
966.0,1.0,14.545961983362936,0.0
967.0,0.014944383515639688,20.0,0.0
968.0,1.0,20.0,0.0
969.0,0.059098226371507266,20.0,0.0
970.0,1.0,20.0,0.0
971.0,0.05566463868607688,20.0,0.0
972.0,0.8323233410648597,18.237017063585895,0.0
973.0,1.0,17.216847058052252,0.0
974.0,1.0,20.0,0.772690035464245
975.0,1.0,20.0,0.0
976.0,1.0,13.573400054819876,0.0
977.0,0.3736299739486097,20.0,0.0
978.0,0.3709029721936989,15.16724296056241,0.0
979.0,1.0,16.878282753415018,0.0
980.0,1.0,15.24888428351996,0.0
981.0,1.0,15.594933506453915,0.0
982.0,1.0,12.610104861448304,0.0
983.0,1.0,20.0,0.0
984.0,1.0,13.421700505540832,0.0
985.0,0.11718050860436212,20.0,0.012624301430464084
986.0,0.44844012331794597,13.229293540580978,0.0
987.0,1.0,17.158864947669183,0.0
988.0,1.0,20.0,0.0
989.0,1.0,13.870105393729117,0.0
990.0,1.0,12.529014840249099,0.0
991.0,0.4646423725048507,12.238397085654936,2.3374830056610734e-10
992.0,1.0,12.522099516009215,0.0
993.0,1.0,20.0,0.0
994.0,1.0,15.588846827868181,0.0
995.0,1.0,15.035439866418084,0.0
996.0,1.0,11.854278343283923,0.0
997.0,1.0,13.365059164638255,0.0
998.0,1.0,18.364591789068914,0.0
999.0,1.0,13.424300184806194,0.0
1000.0,1.0,20.0,0.0
1001.0,0.153197138408453,20.0,0.09826966191456812
1002.0,1.0,20.0,0.0
1003.0,1.0,16.956686081476498,0.0
1004.0,1.0,13.748732298717439,0.0
1005.0,1.0,10.751708967523081,0.0
1006.0,1.0,13.413638096802462,0.0
1007.0,1.0,20.0,0.0
1008.0,0.28257286167081097,20.0,0.28254363361697693
1009.0,1.0,20.0,0.0
1010.0,0.37126656954538384,15.67126126309211,0.0
1011.0,1.0,20.0,0.0
1012.0,1.0,16.52088897473871,0.0
1013.0,1.0,12.301068728228035,0.0
1014.0,1.0,17.31434524087206,0.0
1015.0,1.0,13.00813911817691,0.0
1016.0,1.0,14.96653242986858,0.0
1017.0,1.0,13.767623062784196,0.0
1018.0,0.8173719816395298,20.0,0.0
1019.0,1.0,17.036910825393853,0.0
1020.0,1.0,11.985708667216734,0.0
1021.0,0.38060294612526674,19.99975048563597,0.07276790071942303
1022.0,1.0,20.0,0.0
1023.0,1.0,12.49235235509207,0.0
1024.0,1.0,20.0,0.0
1025.0,0.37941356093430034,20.0,0.3157727992699589
1026.0,1.0,12.293596871099249,0.0
1027.0,1.0,15.846609787793938,0.0
1028.0,1.0,13.52179450061857,0.0
1029.0,1.0,12.855884036005673,0.0
1030.0,1.0,17.9168667318553,0.0
1031.0,0.7690994737126683,16.245952514537038,0.0
1032.0,1.0,13.69925461454262,0.0
1033.0,1.0,20.0,0.0
1034.0,1.0,15.807399923382887,0.0
1035.0,1.0,17.986637385764354,0.0
1036.0,1.0,12.807496029884447,0.0
1037.0,1.0,19.071218825376786,0.0
1038.0,1.0,14.314294113540585,0.0
1039.0,1.0,13.292936156964718,0.0
1040.0,1.0,12.554572015110066,0.0
1041.0,1.0,12.314794007555271,0.0
1042.0,1.0,15.647474462896003,0.0
1043.0,1.0,16.53744570548685,0.0
1044.0,1.0,15.93421599809077,0.0
1045.0,1.0,14.036182307990678,0.0
1046.0,1.0,12.861828415648148,0.0
1047.0,1.0,13.893444763729269,0.0
1048.0,1.0,15.72622121007957,0.0
1049.0,1.0,19.69404065953625,0.0
1050.0,1.0,14.064305035727342,0.0
1051.0,1.0,14.862977162473337,0.0
1052.0,1.0,14.52171027337457,0.0
1053.0,0.37147027431839474,15.969190614210266,0.0
1054.0,1.0,15.2146743838769,0.0
1055.0,1.0,13.485715568873003,0.0
1056.0,1.0,16.175750383096887,0.0
1057.0,1.0,12.482976303933869,0.0
1058.0,1.0,15.338605618158766,0.0
1059.0,1.0,10.449647246754724,0.0
1060.0,1.0,16.354573702695195,0.0
1061.0,1.0,10.103580730117603,0.0
1062.0,1.0,11.5108189809235,0.0
1063.0,1.0,12.404853682578155,0.0
1064.0,1.0,13.695248445350401,0.0
1065.0,1.0,12.1894277135128,0.0
1066.0,1.0,13.049036846595833,0.0
1067.0,1.0,20.0,0.0
1068.0,1.0,13.667447785957876,0.0
1069.0,1.0,15.25320795088421,0.0
1070.0,1.0,12.482015678462837,0.0
1071.0,1.0,17.160089028588448,0.0
1072.0,0.3921349054217116,15.757204513921693,3.933466333249167e-06
1073.0,1.0,13.129611264189874,0.0
1074.0,1.0,19.095058819725377,0.0
1075.0,1.0,13.539125905391561,0.0
1076.0,1.0,13.559694062717005,0.0
1077.0,1.0,12.389069174659754,0.0
1078.0,1.0,12.836194697273713,0.0
1079.0,1.0,12.905716974986506,0.0
1080.0,1.0,16.920769841869554,0.0
1081.0,1.0,13.552387646081542,0.0
1082.0,1.0,17.917463565531207,0.0
1083.0,1.0,9.334359261228558,0.0
1084.0,1.0,17.934283225426505,0.0
1085.0,1.0,12.967883617142434,0.0
1086.0,1.0,11.899632307493379,0.0
1087.0,1.0,7.904521672367934,0.0
1088.0,1.0,13.100621403889788,0.0
1089.0,1.0,20.0,0.0
1090.0,1.0,12.128246763172513,0.0
1091.0,1.0,15.208145267902376,0.0
1092.0,1.0,20.0,0.0
1093.0,1.0,15.146551094733503,0.0
1094.0,1.0,19.833579283599693,0.0
1095.0,1.0,12.07457324015974,0.0
1096.0,1.0,15.288162076692881,0.0
1097.0,1.0,13.068046439285363,0.0
1098.0,1.0,13.175295944071573,0.0
1099.0,1.0,16.19450451899699,0.0
1100.0,1.0,12.651258920093406,0.0
1101.0,1.0,14.455050206197889,0.0
1102.0,0.7806038580883119,9.837826022777596,0.0
1103.0,1.0,13.286686240453276,0.0
1104.0,1.0,12.813905857880574,0.0
1105.0,1.0,16.889715047140378,0.0
1106.0,1.0,14.911617111718002,0.0
1107.0,1.0,13.385388974855092,0.0
1108.0,1.0,13.240521728393368,0.0
1109.0,1.0,9.465726927807987,0.0
1110.0,1.0,20.0,0.0
1111.0,1.0,14.413530548498683,0.0
1112.0,1.0,13.800850888022705,0.0
1113.0,1.0,15.431673152222574,0.0
1114.0,1.0,15.936576013578254,0.0
1115.0,1.0,13.994484083795463,0.0
1116.0,1.0,13.094660092746473,0.0
1117.0,1.0,11.896526569611767,0.0
1118.0,1.0,16.718148131868926,0.0
1119.0,1.0,14.349449814077232,0.0
1120.0,1.0,13.760914542892468,0.0
1121.0,1.0,7.414261179422357,0.0
1122.0,1.0,18.45925023187066,0.0
1123.0,1.0,11.823076009455528,0.0
1124.0,1.0,14.0033760074629,0.0
1125.0,1.0,13.578542544441257,0.0
1126.0,1.0,14.708393949000353,0.0
1127.0,1.0,15.892980703781637,0.0
1128.0,1.0,20.0,0.0
1129.0,1.0,15.150309306288705,0.0
1130.0,1.0,20.0,0.0
1131.0,1.0,14.215509114101522,0.0
1132.0,1.0,18.342810758650316,0.0
1133.0,1.0,13.918245567610924,0.0
1134.0,1.0,12.933612289313746,0.0
1135.0,1.0,17.223784250035937,0.0
1136.0,1.0,12.3128282138721,0.0
1137.0,1.0,12.086742460283661,0.0
1138.0,1.0,4.976412283470657,0.0
1139.0,1.0,18.282059144289803,0.0
1140.0,1.0,14.700596008612287,0.0
1141.0,1.0,20.0,0.0
1142.0,1.0,17.091788829732984,0.0
1143.0,1.0,15.637317497105311,0.0
1144.0,1.0,13.120523256458114,0.0
1145.0,1.0,13.422027102789004,0.0
1146.0,1.0,20.0,0.0
1147.0,1.0,12.855601833041444,0.0
1148.0,1.0,15.936749674630676,0.0
1149.0,1.0,20.0,0.0
1150.0,1.0,14.34555963843512,-1.1102230246251565e-16
1151.0,1.0,20.0,0.0
1152.0,1.0,20.0,0.0
1153.0,1.0,20.0,0.0
1154.0,1.0,13.725023231595946,0.0
1155.0,1.0,13.54125102147366,0.0
1156.0,1.0,14.406312302159513,0.0
1157.0,1.0,14.70510580381196,0.0
1158.0,1.0,12.467160910695796,0.0
1159.0,1.0,20.0,0.0
1160.0,1.0,15.571630732784657,0.0
1161.0,1.0,13.441870194287352,0.0
1162.0,1.0,13.158149943568729,0.0
1163.0,1.0,14.318458990797687,0.0
1164.0,1.0,12.994897227430334,0.0
1165.0,1.0,20.0,0.0
1166.0,1.0,16.252024291398058,0.0
1167.0,1.0,12.126969298701866,0.0
1168.0,1.0,14.568417286483603,0.0
1169.0,1.0,20.0,0.0
1170.0,1.0,20.0,0.03983778227361239
1171.0,1.0,13.754921709459516,0.0
1172.0,1.0,20.0,0.0
1173.0,1.0,20.0,0.0
1174.0,1.0,13.872711156776969,0.0
1175.0,1.0,12.60619217760148,0.0
1176.0,1.0,17.027085698091025,0.0
1177.0,1.0,17.1498850199504,0.0
1178.0,1.0,13.586361629025154,0.0
1179.0,1.0,15.279672360793631,0.0
1180.0,1.0,13.157878205410041,0.0
1181.0,1.0,9.138506680431584,0.0
1182.0,1.0,16.498123477675087,0.0
1183.0,1.0,14.462225653088408,0.0
1184.0,1.0,15.051935450966369,0.0
1185.0,1.0,13.162587268859316,0.0
1186.0,1.0,15.961050516046097,0.0
1187.0,1.0,13.242459157485378,0.0
1188.0,1.0,13.512327260835027,0.0
1189.0,1.0,12.828605725885188,0.0
1190.0,1.0,14.481359678937247,0.0
1191.0,0.9080783126639203,20.0,0.0
1192.0,1.0,14.770100684096391,0.0
1193.0,1.0,16.64481256016874,0.0
1194.0,1.0,12.755868841212878,0.0
1195.0,1.0,13.77773598823942,0.0
1196.0,1.0,14.040903448525802,0.0
1197.0,1.0,9.470735137719684,0.0
1198.0,1.0,14.900166491909385,0.0
1199.0,1.0,20.0,0.0
1200.0,1.0,11.894104331837289,0.0
1201.0,1.0,13.362430487930443,0.0
1202.0,0.9040185324472944,19.496240267581367,0.0
1203.0,1.0,16.151912366407355,0.0
1204.0,1.0,16.261827981696975,0.0
1205.0,1.0,14.883507129563819,0.0
1206.0,1.0,15.535493981463132,0.0
1207.0,1.0,20.0,0.0
1208.0,1.0,17.54858839599357,0.0
1209.0,1.0,13.330136812930911,0.0
1210.0,1.0,13.301434999131219,0.0
1211.0,1.0,12.629297779890623,0.0
1212.0,1.0,18.558814422137615,0.0
1213.0,1.0,14.782988496449699,0.0
1214.0,1.0,16.75832307748216,0.0
1215.0,1.0,16.107151280566733,0.0
1216.0,1.0,16.722230467477573,0.0
1217.0,1.0,20.0,0.0
1218.0,1.0,19.53492732346782,0.0
1219.0,1.0,16.51338149966693,0.0
1220.0,1.0,12.56081910687122,0.0
1221.0,0.9511221208772946,20.0,0.0
1222.0,1.0,13.723219286749124,0.0
1223.0,1.0,15.307108438883807,0.0
1224.0,1.0,14.488477789374288,0.0
1225.0,0.8376315013249567,15.932894769960225,0.0
1226.0,1.0,12.444588413159575,0.0
1227.0,1.0,20.0,0.0
1228.0,1.0,12.887157203867151,0.0
1229.0,1.0,14.170770656074337,0.0
1230.0,1.0,14.625494727912184,0.0
1231.0,1.0,17.646587103935993,0.0
1232.0,1.0,20.0,0.0
1233.0,1.0,20.0,0.0
1234.0,1.0,12.629208541553568,0.0
1235.0,1.0,14.312952848324535,0.0
1236.0,1.0,13.848132611813698,0.0
1237.0,1.0,20.0,0.0
1238.0,1.0,14.315644365102825,0.0
1239.0,1.0,12.629996839103539,0.0
1240.0,1.0,16.70091642200838,0.0
1241.0,1.0,16.04592734487267,0.0
1242.0,1.0,14.513928987247477,0.0
1243.0,0.9188796789810881,20.0,0.0
1244.0,1.0,12.508465428733983,0.0
1245.0,1.0,17.43087584878195,0.0
1246.0,1.0,13.467013315843907,0.0
1247.0,1.0,15.125884273318666,0.0
1248.0,1.0,20.0,0.0
1249.0,1.0,12.699756815311854,0.0
1250.0,1.0,17.05815587601398,0.0
1251.0,1.0,20.0,0.0
1252.0,1.0,20.0,0.0
1253.0,1.0,14.351268938231845,0.0
1254.0,1.0,20.0,0.0
1255.0,1.0,12.744185539610239,0.0
1256.0,1.0,20.0,0.0
1257.0,1.0,14.96458888186443,0.0
1258.0,1.0,13.1488256689425,0.0
1259.0,1.0,15.045661587760062,0.0
1260.0,1.0,10.023080587052624,0.0
1261.0,1.0,13.683982504326494,0.0
1262.0,1.0,15.667387570860773,0.0
1263.0,1.0,14.864474494224105,0.0
1264.0,1.0,9.688680419739608,0.0
1265.0,1.0,5.5657150725767,0.0
1266.0,1.0,13.690166379499892,0.0
1267.0,1.0,19.310407788868716,0.0
1268.0,1.0,14.383232520321073,0.0
1269.0,1.0,16.01412568277905,0.0
1270.0,1.0,20.0,0.0
1271.0,1.0,19.01977285464906,0.0
1272.0,1.0,10.915233706580976,0.0
1273.0,1.0,12.388047091832235,0.0
1274.0,1.0,15.32580552387294,0.0
1275.0,1.0,12.416790325010918,0.0
1276.0,1.0,14.872827971993528,0.0
1277.0,1.0,11.526091367725796,0.0
1278.0,1.0,20.0,0.0
1279.0,1.0,18.135170535043535,0.0
1280.0,1.0,12.538888163040884,0.0
1281.0,1.0,14.04607580303709,0.0
1282.0,1.0,12.482452758124172,0.0
1283.0,1.0,15.615809946473517,0.0
1284.0,1.0,19.437878508614872,0.0
1285.0,1.0,16.938769188186804,0.0
1286.0,1.0,14.789474272714543,0.0
1287.0,1.0,15.54719074780471,0.0
1288.0,1.0,15.0614256040657,0.0
1289.0,1.0,13.687920329219368,0.0
1290.0,1.0,12.809909520654067,0.0
1291.0,1.0,14.516266506647725,0.0
1292.0,1.0,17.059103387394444,0.0
1293.0,1.0,14.611044182633739,0.0
1294.0,1.0,12.137910319218458,0.0
1295.0,0.9664649423326639,20.0,0.0
1296.0,1.0,17.450725313715576,0.0
1297.0,1.0,20.0,0.0
1298.0,1.0,15.476255928675666,0.0
1299.0,0.1858843876302859,20.0,0.0
1300.0,1.0,13.986728825173909,0.0
1301.0,0.18639035769823029,20.0,0.0
1302.0,1.0,14.826880962144486,0.0
1303.0,0.040676621489658976,20.0,0.0
1304.0,1.0,14.684518578677407,0.0
1305.0,0.03576926902411511,20.0,0.07212179078413583
1306.0,0.02844341086563568,20.0,0.0
1307.0,1.0,20.0,0.0
1308.0,0.09904065632590811,20.0,0.24963665180770858
1309.0,0.0016818043058850886,20.0,0.0
1310.0,1.0,20.0,0.5099216859784695
1311.0,0.029961204009877312,20.0,0.0
1312.0,0.05278237915503297,20.0,0.0
1313.0,0.04078102718237761,20.0,0.0
1314.0,0.05740025633141106,20.0,0.0
1315.0,0.01660066556306877,20.0,0.0
1316.0,0.03156008409409908,20.0,0.0
1317.0,0.024634959162978975,20.0,0.0
1318.0,1.0,20.0,0.5878502841015235
1319.0,0.05529115223879433,20.0,0.0
1320.0,1.0,20.0,0.6686409781300203
1321.0,1.0,12.711322300504872,0.0
1322.0,0.024674453906572812,20.0,1.0
1323.0,1.0,20.0,0.0
1324.0,1.0,11.7317456715006,0.0
1325.0,1.0,20.0,0.0
1326.0,1.0,16.143772521269618,0.0
1327.0,1.0,12.903420061241007,0.0
1328.0,1.0,13.528092782635579,0.0
1329.0,1.0,20.0,0.0
1330.0,1.0,12.387934142293298,0.0
1331.0,0.028859746580126047,20.0,0.0
1332.0,0.05022281842448056,20.0,0.0
1333.0,0.05925885900256238,20.0,0.0
1334.0,1.0,17.109423088444547,0.0
1335.0,0.015520371024262597,20.0,0.0
1336.0,1.0,12.371676975786501,0.0
1337.0,1.0,11.413131902970369,0.0
1338.0,1.0,18.88529154742277,0.0
1339.0,1.0,20.0,0.0
1340.0,1.0,16.69229510129021,0.0
1341.0,0.04982452453585164,20.0,0.0
1342.0,1.0,12.521231315917678,0.0
1343.0,1.0,13.45961540635541,0.0
1344.0,0.01626147977074378,20.0,0.0
1345.0,1.0,13.515813636785312,0.0
1346.0,0.05800469943796389,20.0,0.0
1347.0,0.014114346054643512,20.0,0.0
1348.0,1.0,16.62996024143184,0.0
1349.0,1.0,13.076899928529546,0.0
1350.0,0.044637089867306294,20.0,0.0
1351.0,1.0,15.97875473129218,0.0
1352.0,1.0,12.712505263087722,0.0
1353.0,0.05726027266507465,20.0,0.0
1354.0,0.001336578115500697,20.0,0.0
1355.0,0.059258857521385606,20.0,0.0
1356.0,0.042979538503477646,20.0,0.0
1357.0,1.0,12.396594083342425,0.0
1358.0,1.0,20.0,0.7002122738087319
1359.0,1.0,13.249168376790609,0.0
1360.0,1.0,11.228272017363805,0.0
1361.0,0.016249570150028148,20.0,0.0
1362.0,1.0,12.124957837369802,0.0
1363.0,0.03478764425579584,20.0,0.0
1364.0,1.0,13.563157840735412,0.0
1365.0,1.0,12.591377922095944,0.0
1366.0,0.23597239331031403,20.0,0.0
1367.0,0.05925885911200373,20.0,0.0
1368.0,1.0,15.264721932658999,0.0
1369.0,0.014199306240742074,20.0,0.0
1370.0,1.0,13.165407173934447,0.0
1371.0,1.0,14.772750679529452,0.0
1372.0,1.0,13.813844255132317,0.0
1373.0,1.0,12.72643380487653,0.0
1374.0,1.0,12.47883104658154,0.0
1375.0,1.0,17.107845469045984,0.0
1376.0,1.0,10.420016749162873,0.0
1377.0,0.059098223405414194,20.0,0.0
1378.0,0.05548817638671802,20.0,0.0
1379.0,1.0,20.0,0.0
1380.0,1.0,20.0,0.0
1381.0,0.055291148309691104,20.0,0.0
1382.0,1.0,17.656773807264862,0.0
1383.0,0.015489646147415865,20.0,0.0
1384.0,1.0,12.154511620766588,0.0
1385.0,1.0,13.614338766939436,0.0
1386.0,1.0,16.773619928860366,0.0
1387.0,1.0,16.403462688078683,0.0
1388.0,1.0,13.278543370011793,0.0
1389.0,1.0,11.816423171554165,0.0
1390.0,0.05726027030448788,20.0,0.0
1391.0,0.1853476788495204,20.0,0.0
1392.0,0.23593724421509088,20.0,0.0
1393.0,0.2783020466915221,20.0,0.0
1394.0,1.0,14.398701786746582,0.0
1395.0,0.05758519842847739,20.0,0.0
1396.0,1.0,13.38108983880646,0.0
1397.0,1.0,19.019748278961185,0.0
1398.0,1.0,16.907357570682045,0.0
1399.0,1.0,12.285015261205123,0.0
1400.0,1.0,14.54085461720582,0.0
1401.0,0.03157871227210383,20.0,0.0
1402.0,1.0,13.592555412096374,0.0
1403.0,1.0,12.215480168990345,0.0
1404.0,1.0,15.719686797546355,0.0
1405.0,0.052943751511294386,20.0,0.0
1406.0,1.0,12.543439187676736,0.0
1407.0,1.0,20.0,0.0
1408.0,1.0,20.0,0.0
1409.0,1.0,12.093510778810463,0.0
1410.0,0.18477579056974897,20.0,0.0
1411.0,1.0,16.38292067344503,0.0
1412.0,1.0,18.699255264730276,0.0
1413.0,1.0,14.221901330238957,0.0
1414.0,1.0,12.985280896979333,0.0
1415.0,0.37149681097887954,16.007059726081447,6.338793886074371e-13
1416.0,1.0,10.606649897963642,0.0
1417.0,1.0,12.06744661332999,0.0
1418.0,0.04982003554379248,20.0,0.0
1419.0,1.0,20.0,0.0
1420.0,1.0,14.071228630013353,0.0
1421.0,0.8086245848429364,17.814153376672476,0.0
1422.0,1.0,10.762974418843623,0.0
1423.0,1.0,12.917481982942006,0.0
1424.0,1.0,12.862917803453628,0.0
1425.0,0.9438873989363832,14.504468832367424,0.0
1426.0,1.0,12.164983366196509,0.0
1427.0,1.0,14.80029773156657,0.0
1428.0,0.026051471231214225,20.0,0.0
1429.0,1.0,11.294312784074931,0.0
1430.0,1.0,12.64129635925344,0.0
1431.0,1.0,16.028637607169877,0.0
1432.0,1.0,12.554569128776617,0.0
1433.0,0.0638575570510053,20.0,0.0
1434.0,1.0,20.0,0.0
1435.0,0.39222562376806636,15.614498778077982,5.615446606600308e-07
1436.0,1.0,14.723307961495953,0.0
1437.0,1.0,20.0,0.0
1438.0,0.08375162159966647,20.0,0.04624813454069907
1439.0,1.0,12.196953922039544,0.0
1440.0,0.048980837378383865,20.0,0.0
1441.0,1.0,13.717784172999457,0.0
1442.0,1.0,16.125771656512722,0.0
1443.0,1.0,13.471455261722832,0.0
1444.0,1.0,12.755662130737559,0.0
1445.0,0.06719599393130662,20.0,0.0
1446.0,0.06476445851367145,20.0,0.0
1447.0,0.09586284918795016,20.0,0.05436726895693996
1448.0,1.0,13.42102519033681,0.0
1449.0,1.0,20.0,0.5070013055511424
1450.0,0.1275491723620967,5.374500544157084,0.0
1451.0,0.06240364193408002,20.0,0.0
1452.0,0.20159048762844783,20.0,0.0
1453.0,1.0,14.291912981554798,0.0
1454.0,0.052833875297525514,20.0,0.21365416142648128
1455.0,1.0,15.937146877419114,0.0
1456.0,1.0,20.0,0.0
1457.0,1.0,12.627391404264912,0.0
1458.0,0.2071297842726982,20.0,0.0
1459.0,0.057400255816325026,20.0,0.0
1460.0,0.11251322066637577,20.0,0.013869081046637963
1461.0,1.0,15.350313807684199,0.0
1462.0,0.9965789981158746,15.775924967247583,0.0
1463.0,1.0,14.816167026222642,0.0
1464.0,1.0,13.405559582889223,0.0
1465.0,0.3925899353148777,15.06300674911954,9.698105448678087e-06
1466.0,1.0,20.0,0.0
1467.0,0.3712638915707533,15.668496863527928,4.5810959768587094e-07
1468.0,1.0,14.795727672666656,0.0
1469.0,1.0,13.932684363514847,0.0
1470.0,1.0,13.851913993836298,0.0
1471.0,0.2871266743074306,20.0,0.30894372448823687
1472.0,0.06885010461717052,20.0,0.0
1473.0,1.0,12.875396386111836,0.0
1474.0,1.0,12.259403474418106,0.0
1475.0,1.0,13.049830829652917,0.0
1476.0,1.0,11.755734450571214,0.0
1477.0,1.0,14.800717576655911,0.0
1478.0,0.0671004855324945,20.0,0.0
1479.0,0.392894169874814,14.639736506733747,5.799712391850191e-08
1480.0,1.0,13.402907430733855,0.0
1481.0,1.0,14.314964888324859,0.0
1482.0,1.0,17.716722603583108,0.0
1483.0,0.061627020430888614,20.0,0.0
1484.0,1.0,16.706380311238046,0.0
1485.0,0.051864111973290286,20.0,0.0
1486.0,1.0,18.390470264324044,0.0
1487.0,1.0,16.06435913288598,0.0
1488.0,0.3925504138613312,15.116347209076597,1.572061945224641e-09
1489.0,0.4645172479079587,12.42730783910636,1.1916367477752987e-10
1490.0,1.0,13.538323372890709,0.0
1491.0,1.0,14.929470811391743,0.0
1492.0,1.0,20.0,0.0
1493.0,1.0,13.886854826820901,0.0
1494.0,1.0,18.877001666636023,0.0
1495.0,1.0,20.0,0.0
1496.0,1.0,20.0,0.0
1497.0,0.3928573321762,14.688590886870543,3.2045883601502645e-09
1498.0,1.0,15.269530818604412,0.0
1499.0,1.0,14.9568058251182,0.0
1500.0,0.09796498597743845,20.0,0.0402748563227044
1501.0,0.3708919765552853,15.154100403845025,0.0
1502.0,1.0,13.88488801435335,0.0
1503.0,0.09161388112131258,20.0,0.0
1504.0,1.0,12.77647237808862,0.0
1505.0,1.0,10.940639888959199,0.0
1506.0,0.25035784762008945,20.0,0.5624376969153828
1507.0,1.0,15.20025174647722,0.0
1508.0,1.0,12.01543680310708,0.0
1509.0,1.0,12.79748062179303,0.0
1510.0,0.06731694492410768,20.0,0.0
1511.0,0.057567120333872734,20.0,0.0
1512.0,1.0,14.914384943199373,0.0
1513.0,1.0,11.231020594430634,0.0
1514.0,0.9962216975245753,20.0,0.024001444283784385
1515.0,1.0,18.77254015620448,0.0
1516.0,1.0,14.743311496202276,0.0
1517.0,1.0,15.404999877622915,0.0
1518.0,1.0,12.546976948149553,0.0
1519.0,1.0,20.0,0.0
1520.0,1.0,11.94570107680544,0.0
1521.0,1.0,17.957333193743256,0.0
1522.0,1.0,12.31293871271376,0.0
1523.0,1.0,14.787347510911626,0.0
1524.0,1.0,18.0491675278732,0.0
1525.0,1.0,12.813664914288783,0.0
1526.0,1.0,15.564914619848077,0.0
1527.0,1.0,17.95070584700361,0.0
1528.0,1.0,13.546531867193606,0.0
1529.0,1.0,16.398756890342845,0.0
1530.0,1.0,13.220949464314636,0.0
1531.0,1.0,16.4645577495206,0.0
1532.0,1.0,15.2832860763845,0.0
1533.0,1.0,12.55415494705636,0.0
1534.0,1.0,14.891929660532982,0.0
1535.0,1.0,16.525003198425786,0.0
1536.0,1.0,16.827816999691915,0.0
1537.0,1.0,19.416235391091565,0.0
1538.0,1.0,13.16962777392133,0.0
1539.0,1.0,12.763639837288736,0.0
1540.0,1.0,15.576196291136846,0.0
1541.0,1.0,20.0,0.0
1542.0,1.0,20.0,0.0
1543.0,1.0,18.774761951056274,0.0
1544.0,1.0,19.43100733489389,0.0
1545.0,1.0,19.29658860975201,0.0
1546.0,1.0,20.0,0.0
1547.0,1.0,14.985180466707329,0.0
1548.0,1.0,15.70700840414369,0.0
1549.0,1.0,20.0,0.043234304532370926
1550.0,1.0,16.010631936762547,0.0
1551.0,1.0,20.0,0.0
1552.0,1.0,16.14405943979731,0.0
1553.0,1.0,19.152141214981942,0.0
1554.0,1.0,12.642734504186295,0.0
1555.0,1.0,18.955735575394705,0.0
1556.0,1.0,16.414080550351382,0.0
1557.0,1.0,12.825220329268454,0.0
1558.0,1.0,14.110647293853418,0.0
1559.0,1.0,13.061349084030534,0.0
1560.0,1.0,15.642378262970066,0.0
1561.0,1.0,16.21232780152877,0.0
1562.0,1.0,13.38575107392264,0.0
1563.0,1.0,14.961778199887938,0.0
1564.0,1.0,13.480437690400011,0.0
1565.0,1.0,13.135734960095967,0.0
1566.0,1.0,16.210286433031452,0.0
1567.0,1.0,12.157712088584033,0.0
1568.0,1.0,16.259934246455543,0.0
1569.0,1.0,12.204985832107248,0.0
1570.0,1.0,20.0,0.0
1571.0,1.0,15.447271759645172,0.0
1572.0,1.0,14.34933959156377,0.0
1573.0,1.0,13.765257893968368,0.0
1574.0,1.0,13.70924404900529,0.0
1575.0,1.0,16.222976135622336,0.0
1576.0,1.0,20.0,0.0
1577.0,1.0,20.0,0.0
1578.0,1.0,11.510996804719161,0.0
1579.0,1.0,15.372592172532984,0.0
1580.0,1.0,12.709799465806757,0.0
1581.0,1.0,13.4627423892269,0.0
1582.0,1.0,12.89324667848049,0.0
1583.0,1.0,12.912080056947312,0.0
1584.0,1.0,13.153106930714637,0.0
1585.0,1.0,12.645465945004206,0.0
1586.0,1.0,12.852542167470755,0.0
1587.0,1.0,13.365414757523528,0.0
1588.0,0.9426634990001759,16.495105795306742,0.0
1589.0,1.0,20.0,0.0
1590.0,1.0,13.682983137734581,0.0
1591.0,1.0,20.0,0.0
1592.0,1.0,17.49414181123354,0.0
1593.0,1.0,17.45871020329914,0.0
1594.0,1.0,20.0,0.0
1595.0,1.0,18.98924312998994,0.0
1596.0,1.0,10.815763633631342,0.0
1597.0,1.0,18.623548432242853,0.0
1598.0,1.0,14.756657730962264,0.0
1599.0,1.0,12.430415577138222,0.0
1600.0,1.0,16.339509459952023,0.0
1601.0,1.0,20.0,0.0
1602.0,1.0,10.430466389472805,0.0
1603.0,1.0,15.747034905933251,0.0
1604.0,1.0,14.074702301997835,0.0
1605.0,1.0,20.0,0.0
1606.0,1.0,19.942665038068153,0.0
1607.0,1.0,20.0,0.0
1608.0,1.0,20.0,0.0
1609.0,1.0,20.0,0.0
1610.0,1.0,10.222482813025854,0.0
1611.0,1.0,14.257563271994918,0.0
1612.0,1.0,12.308063043289314,0.0
1613.0,1.0,15.687556884696843,0.0
1614.0,1.0,12.053619416642851,0.0
1615.0,1.0,18.779584872747286,0.0
1616.0,1.0,13.575972625609207,0.0
1617.0,1.0,12.227405505191811,0.0
1618.0,1.0,17.934943060789845,0.0
1619.0,1.0,13.368238851176915,0.0
1620.0,1.0,14.389769052995181,0.0
1621.0,1.0,16.696681259137723,0.0
1622.0,1.0,20.0,0.0
1623.0,1.0,12.008633388620824,0.0
1624.0,1.0,13.09214212807886,0.0
1625.0,1.0,17.74619615188541,0.0
1626.0,1.0,13.043783608846146,0.0
1627.0,1.0,12.106100329522455,0.0
1628.0,1.0,20.0,0.0
1629.0,1.0,14.599525461713524,0.0
1630.0,1.0,16.04970687359087,0.0
1631.0,1.0,12.388615315085548,0.0
1632.0,1.0,16.261411880908796,0.0
1633.0,1.0,12.426070685909389,0.0
1634.0,1.0,14.948839986637369,0.0
1635.0,1.0,18.795262195907984,0.0
1636.0,1.0,16.233119035588462,0.0
1637.0,1.0,12.854730021476945,0.0
1638.0,1.0,16.959726952251412,0.0
1639.0,1.0,16.54482951949438,0.0
1640.0,1.0,12.654651419948959,0.0
1641.0,1.0,15.834657426872475,0.0
1642.0,1.0,13.0860510964901,0.0
1643.0,1.0,19.163635525990568,0.0
1644.0,1.0,13.52156496356701,0.0
1645.0,1.0,14.455873401949326,0.0
1646.0,1.0,20.0,0.0
1647.0,1.0,12.149945714195916,0.0
1648.0,1.0,12.731187518236824,0.0
1649.0,1.0,20.0,0.0
1650.0,0.9846795501880946,15.62252838346031,0.0
1651.0,1.0,16.107500196351438,0.0
1652.0,1.0,13.807444077346029,0.0
1653.0,1.0,15.152754500176233,0.0
1654.0,1.0,16.059124192784882,0.0
1655.0,1.0,17.473046391476824,0.0
1656.0,1.0,12.285475144988123,0.0
1657.0,0.9332364324409851,14.812924167965528,0.0
1658.0,1.0,20.0,0.0
1659.0,1.0,13.89793901591314,0.0
1660.0,1.0,13.182696309421626,0.0
1661.0,1.0,20.0,0.0
1662.0,1.0,13.024455004441476,0.0
1663.0,1.0,14.290662774396433,0.0
1664.0,1.0,14.949583096090066,0.0
1665.0,1.0,11.98074871287758,0.0
1666.0,1.0,12.152457683853719,0.0
1667.0,1.0,19.016426740001457,0.0
1668.0,0.9588035884679028,9.833248978106813,0.0
1669.0,1.0,13.48090610478529,0.0
1670.0,1.0,13.082260909259276,0.0
1671.0,1.0,17.71679219819587,0.0
1672.0,1.0,17.049906482268295,0.0
1673.0,1.0,18.88873505648132,0.0
1674.0,1.0,15.175445921603318,0.0
1675.0,1.0,12.711785469211993,0.0
1676.0,1.0,12.041074933118514,0.0
1677.0,1.0,20.0,0.0
1678.0,1.0,12.795256112613034,0.0
1679.0,1.0,15.388233248115656,0.0
1680.0,1.0,17.60858688462965,0.0
1681.0,1.0,20.0,0.0
1682.0,1.0,17.111740447639384,0.0
1683.0,1.0,13.649750815637478,0.0
1684.0,1.0,14.378339884588144,0.0
1685.0,1.0,13.973104893061475,0.0
1686.0,1.0,10.400988865503702,0.0
1687.0,1.0,20.0,0.0
1688.0,1.0,14.349686556113587,0.0
1689.0,1.0,15.032466375779638,0.0
1690.0,1.0,20.0,0.0
1691.0,1.0,20.0,0.0
1692.0,1.0,17.37400412696144,0.0
1693.0,1.0,16.43781281864001,0.0
1694.0,1.0,16.196300636970896,0.0
1695.0,1.0,20.0,0.0
1696.0,0.8631022738635277,20.0,0.0
1697.0,1.0,16.9780580027119,0.0
1698.0,1.0,12.475488914773214,0.0
1699.0,1.0,9.795106333529203,0.0
1700.0,1.0,11.68076799221794,0.0
1701.0,1.0,17.21371336988452,0.0
1702.0,1.0,13.094513886850114,0.0
1703.0,1.0,20.0,0.0
1704.0,1.0,12.593642391840628,0.0
1705.0,1.0,10.461731810883137,0.0
1706.0,1.0,9.891843235065437,0.0
1707.0,1.0,12.115536073705492,0.0
1708.0,1.0,12.58174201819727,0.0
1709.0,1.0,13.345806257397498,0.0
1710.0,1.0,13.185159174384676,0.0
1711.0,1.0,16.095109902680537,0.0
1712.0,1.0,8.591874579592176,0.0
1713.0,1.0,12.401661116658135,0.0
1714.0,1.0,19.211709202213832,0.0
1715.0,1.0,18.91485454059979,0.0
1716.0,1.0,12.001067898331538,0.0
1717.0,1.0,13.763629868340683,0.0
1718.0,1.0,20.0,0.0
1719.0,1.0,13.591348709334374,0.0
1720.0,1.0,14.877658783365877,0.0
1721.0,1.0,14.524508507205768,0.0
1722.0,1.0,14.803353684948865,0.0
1723.0,1.0,14.762511739319368,0.0
1724.0,1.0,20.0,0.0
1725.0,1.0,16.164553900891885,0.0
1726.0,1.0,12.504126268258279,0.0
1727.0,1.0,18.500249984771287,0.0
1728.0,1.0,12.912998349964592,0.0
