Subject,beta,llh
1.0,12.35826921473442,9.704060527839234
2.0,8.42506820683872,9.704060527839234
3.0,1.8211069108014266,9.704060527839234
4.0,4.001897558376779,9.704060527839234
5.0,11.938435419046877,9.704060527839234
6.0,15.67651607522658,9.704060527839234
7.0,2.405938626023081,9.704060527839234
8.0,4.394377057024819,9.704060527839234
9.0,4.840094419416667,9.704060527839234
10.0,7.9141117833842545,9.704060527839234
11.0,14.66984682142122,9.704060527839234
12.0,13.335744403335976,9.704060527839234
13.0,18.0172548732721,9.704060527839234
14.0,11.486709631669015,9.704060527839234
15.0,16.377153824912153,9.704060527839234
16.0,8.948244376223744,9.704060527839234
17.0,18.080432334612453,9.704060527839234
18.0,19.448298737487296,9.704060527839234
19.0,6.086079121555555,9.704060527839234
20.0,3.8712888987948846,9.704060527839234
21.0,9.027851594924773,9.704060527839234
22.0,6.127953155285901,9.704060527839234
23.0,15.713343991472525,9.704060527839234
24.0,19.13516824571916,9.704060527839234
25.0,8.598708862566827,9.704060527839234
26.0,18.32685821112299,9.704060527839234
27.0,8.662413870260746,9.704060527839234
28.0,1.7110769091652145,9.704060527839234
29.0,16.812655155805373,9.704060527839234
30.0,11.586683316910095,9.704060527839234
31.0,18.974230678263815,9.704060527839234
32.0,3.238857979960581,9.704060527839234
33.0,18.339960060258598,9.704060527839234
34.0,2.228446686271992,9.704060527839234
35.0,9.236135547985532,9.704060527839234
36.0,15.694136931693652,9.704060527839234
37.0,14.463159338135515,9.704060527839234
38.0,15.056352026206172,9.704060527839234
39.0,14.879430167656938,9.704060527839234
40.0,17.85758886301291,9.704060527839234
41.0,2.621107290017486,9.704060527839234
42.0,19.745692205182678,9.704060527839234
43.0,12.821672821488061,9.704060527839234
44.0,18.555576099548723,9.704060527839234
45.0,2.2828571301579337,9.704060527839234
46.0,10.126307104754197,9.704060527839234
47.0,17.598760750589886,9.704060527839234
48.0,3.3257262360668727,9.704060527839234
49.0,18.98344471854242,9.704060527839234
50.0,11.79019740178586,9.704060527839234
51.0,8.189422397003902,9.704060527839234
52.0,16.95012503494392,9.704060527839234
53.0,18.6118154349456,9.704060527839234
54.0,11.775420024486476,9.704060527839234
55.0,12.440440477740069,9.704060527839234
56.0,7.121785343385396,9.704060527839234
57.0,5.958395117991564,9.704060527839234
58.0,7.144199937313875,9.704060527839234
59.0,12.009076374919674,9.704060527839234
60.0,17.662113491352798,9.704060527839234
61.0,14.789922662886898,9.704060527839234
62.0,19.64311440196315,9.704060527839234
63.0,11.854532517302317,9.704060527839234
64.0,14.610453986544144,9.704060527839234
65.0,18.749504267255872,9.704060527839234
66.0,12.673822782457327,9.704060527839234
67.0,3.5065758354635834,9.704060527839234
68.0,5.949733580901855,9.704060527839234
69.0,13.263889036150257,9.704060527839234
70.0,10.789434971713463,9.704060527839234
71.0,5.824873294109483,9.704060527839234
72.0,0.994203618906111,9.704060527839234
73.0,10.199420023749754,9.704060527839234
74.0,7.968222515014989,9.704060527839234
75.0,8.415910292781488,9.704060527839234
76.0,18.01249552323392,9.704060527839234
77.0,16.673202080194873,9.704060527839234
78.0,6.125249810609093,9.704060527839234
79.0,17.111083840320415,9.704060527839234
80.0,7.113058881151035,9.704060527839234
81.0,9.466740252261436,9.704060527839234
82.0,7.268326175512774,9.704060527839234
83.0,13.432333483776265,9.704060527839234
84.0,0.2107416861564504,9.704060527839234
85.0,5.7286659274645,9.704060527839234
86.0,2.8581310055639753,9.704060527839234
87.0,14.403908803456533,9.704060527839234
88.0,16.020678097829524,9.704060527839234
89.0,18.09009517540445,9.704060527839234
90.0,5.548055853758718,9.704060527839234
91.0,2.582993987653228,9.704060527839234
92.0,17.121894640429485,9.704060527839234
93.0,14.383700914895996,9.704060527839234
94.0,12.146099206343646,9.704060527839234
95.0,16.493746971828244,9.704060527839234
96.0,6.835823156331879,9.704060527839234
97.0,2.235410359222858,9.704060527839234
98.0,0.6838396186718532,9.704060527839234
99.0,11.620427616943571,9.704060527839234
100.0,0.6032080222915082,9.704060527839234
101.0,16.331030705797865,9.704060527839234
102.0,16.038667558953065,9.704060527839234
103.0,3.8454157781985665,9.704060527839234
104.0,16.83379217769533,9.704060527839234
105.0,8.612160413344967,9.704060527839234
106.0,5.84941344874826,9.704060527839234
107.0,10.693166590411657,9.704060527839234
108.0,12.67208268016137,9.704060527839234
109.0,15.809710920694517,9.704060527839234
110.0,13.398158774020661,9.704060527839234
111.0,6.455642898064314,9.704060527839234
112.0,7.112399505974261,9.704060527839234
113.0,3.7820393726717993,9.704060527839234
114.0,2.091988063380079,9.704060527839234
115.0,6.76069862026925,9.704060527839234
116.0,11.36925443530044,9.704060527839234
117.0,12.780532551456961,9.704060527839234
118.0,8.411983769702228,9.704060527839234
119.0,10.680966992552696,9.704060527839234
120.0,4.963968292050356,9.704060527839234
121.0,1.262002490528138,9.704060527839234
122.0,8.446709964175067,9.704060527839234
123.0,5.585230542509397,9.704060527839234
124.0,9.777383968244015,9.704060527839234
125.0,12.199832901935343,9.704060527839234
126.0,4.210654394276238,9.704060527839234
127.0,10.76640043432667,9.704060527839234
128.0,13.453645222273533,9.704060527839234
129.0,3.819650144864992,9.704060527839234
130.0,8.211411528556965,9.704060527839234
131.0,10.641691141440333,9.704060527839234
132.0,8.656228806449626,9.704060527839234
133.0,1.8262382741430438,9.704060527839234
134.0,19.53222421397403,9.704060527839234
135.0,15.66832059763444,9.704060527839234
136.0,14.007920825766682,9.704060527839234
137.0,17.676429101000178,9.704060527839234
138.0,10.08832326896053,9.704060527839234
139.0,1.2847451475285188,9.704060527839234
140.0,16.65285110639375,9.704060527839234
141.0,19.340998420301354,9.704060527839234
142.0,15.340939403972225,9.704060527839234
143.0,13.665306332759197,9.704060527839234
144.0,17.324153163603096,9.704060527839234
145.0,2.5995044256284117,9.704060527839234
146.0,10.476974259240194,9.704060527839234
147.0,14.44005438631978,9.704060527839234
148.0,8.586360582763763,9.704060527839234
149.0,10.880463086986143,9.704060527839234
150.0,10.367418005944739,9.704060527839234
151.0,14.82931739571507,9.704060527839234
152.0,18.238791488270053,9.704060527839234
153.0,6.5978510653052265,9.704060527839234
154.0,7.384297041354153,9.704060527839234
155.0,15.707844685662796,9.704060527839234
156.0,5.929161433612656,9.704060527839234
157.0,2.743614967945669,9.704060527839234
158.0,8.516864578468873,9.704060527839234
159.0,1.14970327129426,9.704060527839234
160.0,15.817166462005272,9.704060527839234
161.0,7.310316597620481,9.704060527839234
162.0,18.875177967377358,9.704060527839234
163.0,0.07747220199780136,9.704060527839234
164.0,8.160511730783856,9.704060527839234
165.0,8.458342407048441,9.704060527839234
166.0,5.558305649703737,9.704060527839234
167.0,6.587455246167211,9.704060527839234
168.0,3.4869590068424583,9.704060527839234
169.0,8.676305869244604,9.704060527839234
170.0,4.802700040965284,9.704060527839234
171.0,11.91784771993907,9.704060527839234
172.0,6.976796375124115,9.704060527839234
173.0,12.384241494668299,9.704060527839234
174.0,5.218230336064018,9.704060527839234
175.0,11.304769221121163,9.704060527839234
176.0,1.8900614207126787,9.704060527839234
177.0,13.175014506513122,9.704060527839234
178.0,10.196843465731964,9.704060527839234
179.0,14.996301001550627,9.704060527839234
180.0,5.2438008878844755,9.704060527839234
181.0,5.5077960405497395,9.704060527839234
182.0,10.427863202267506,9.704060527839234
183.0,14.863306077450854,9.704060527839234
184.0,17.33512077491151,9.704060527839234
185.0,1.4081655996423459,9.704060527839234
186.0,0.5702891090044515,9.704060527839234
187.0,15.471684270072444,9.704060527839234
188.0,10.710543251576807,9.704060527839234
189.0,7.038023094807137,9.704060527839234
190.0,4.454466712721368,9.704060527839234
191.0,3.030239550576983,9.704060527839234
192.0,4.548732737662817,9.704060527839234
193.0,11.973652102065799,9.704060527839234
194.0,2.168971475336472,9.704060527839234
195.0,12.283650595771391,9.704060527839234
196.0,11.66252274607954,9.704060527839234
197.0,18.27487231693034,9.704060527839234
198.0,9.453254008957286,9.704060527839234
199.0,5.226043461533854,9.704060527839234
200.0,15.773654697597141,9.704060527839234
201.0,13.246696119937019,9.704060527839234
202.0,0.37777098936874864,9.704060527839234
203.0,13.905867286446284,9.704060527839234
204.0,9.370438803917589,9.704060527839234
205.0,4.92931108014446,9.704060527839234
206.0,8.879247481142837,9.704060527839234
207.0,15.999408964811577,9.704060527839234
208.0,8.522447313552375,9.704060527839234
209.0,13.711905749316138,9.704060527839234
210.0,10.800952723859531,9.704060527839234
211.0,2.1037069123934926,9.704060527839234
212.0,2.0608603479656407,9.704060527839234
213.0,19.979877540010612,9.704060527839234
214.0,6.602702336239206,9.704060527839234
215.0,16.050233270331802,9.704060527839234
216.0,18.383770810109556,9.704060527839234
217.0,4.374086270197064,9.704060527839234
218.0,12.461310537387062,9.704060527839234
219.0,0.0518988364894879,9.704060527839234
220.0,0.018966547908656484,9.704060527839234
221.0,18.80951678436936,9.704060527839234
222.0,10.817828984412724,9.704060527839234
223.0,10.047206187704365,9.704060527839234
224.0,14.504090101481069,9.704060527839234
225.0,6.749006190218516,9.704060527839234
226.0,4.637645555658256,9.704060527839234
227.0,3.021108689269729,9.704060527839234
228.0,5.310425300830371,9.704060527839234
229.0,7.879809977396041,9.704060527839234
230.0,8.716728435929856,9.704060527839234
231.0,2.9342026130783694,9.704060527839234
232.0,0.5504416748375607,9.704060527839234
233.0,7.407089205779693,9.704060527839234
234.0,12.479791794815595,9.704060527839234
235.0,12.043774162057893,9.704060527839234
236.0,11.66088912977963,9.704060527839234
237.0,16.368341085318797,9.704060527839234
238.0,8.838836811056707,9.704060527839234
239.0,12.196522318706865,9.704060527839234
240.0,9.610811661223096,9.704060527839234
241.0,19.945118154897344,9.704060527839234
242.0,7.657207063040923,9.704060527839234
243.0,1.315452344273984,9.704060527839234
244.0,12.89343559721517,9.704060527839234
245.0,4.9724524856913614,9.704060527839234
246.0,3.9112980663106134,9.704060527839234
247.0,18.048786482880843,9.704060527839234
248.0,16.587269608916507,9.704060527839234
249.0,19.832030436910856,9.704060527839234
250.0,4.528192145326666,9.704060527839234
251.0,9.058988067010564,9.704060527839234
252.0,17.92643013384627,9.704060527839234
253.0,13.247201135621305,9.704060527839234
254.0,19.749145457578543,9.704060527839234
255.0,0.07947448028077231,9.704060527839234
256.0,4.638333060093769,9.704060527839234
257.0,10.447110644445509,9.704060527839234
258.0,0.3589353806770057,9.704060527839234
259.0,9.768751412457553,9.704060527839234
260.0,14.32210823980748,9.704060527839234
261.0,19.09752723840481,9.704060527839234
262.0,10.944915852154137,9.704060527839234
263.0,18.331443936154127,9.704060527839234
264.0,19.735458819689146,9.704060527839234
265.0,11.317119153922645,9.704060527839234
266.0,10.938056250826463,9.704060527839234
267.0,12.363361035817576,9.704060527839234
268.0,3.486953251569971,9.704060527839234
269.0,8.214601214967946,9.704060527839234
270.0,4.6632273929756,9.704060527839234
271.0,3.7750833669387673,9.704060527839234
272.0,10.65157185351428,9.704060527839234
273.0,8.491131326948846,9.704060527839234
274.0,7.677204648922434,9.704060527839234
275.0,18.35654743103665,9.704060527839234
276.0,11.696161392039793,9.704060527839234
277.0,6.082676031460914,9.704060527839234
278.0,19.31009517783385,9.704060527839234
279.0,2.4029374028985306,9.704060527839234
280.0,11.934624709655925,9.704060527839234
281.0,6.223526570398694,9.704060527839234
282.0,13.591747503430371,9.704060527839234
283.0,3.614852649825997,9.704060527839234
284.0,1.9160786625387738,9.704060527839234
285.0,11.938648925370238,9.704060527839234
286.0,12.160371222358041,9.704060527839234
287.0,12.435535715015298,9.704060527839234
288.0,5.406943728139055,9.704060527839234
289.0,16.31233890132807,9.704060527839234
290.0,17.350141189164777,9.704060527839234
291.0,10.385692275515115,9.704060527839234
292.0,13.78224286719292,9.704060527839234
293.0,1.140818201739684,9.704060527839234
294.0,9.113080178499954,9.704060527839234
295.0,12.951529842318815,9.704060527839234
296.0,12.74978956566452,9.704060527839234
297.0,5.734532899859723,9.704060527839234
298.0,7.469957848454742,9.704060527839234
299.0,10.526181346174381,9.704060527839234
300.0,3.433415524738752,9.704060527839234
301.0,9.451925709137628,9.704060527839234
302.0,11.869437731112122,9.704060527839234
303.0,2.818243185051108,9.704060527839234
304.0,7.053889699647494,9.704060527839234
305.0,15.373609875321886,9.704060527839234
306.0,8.235768843418374,9.704060527839234
307.0,3.0160775777176307,9.704060527839234
308.0,18.850920537382454,9.704060527839234
309.0,2.945419688607558,9.704060527839234
310.0,7.079838760517065,9.704060527839234
311.0,11.628768300193764,9.704060527839234
312.0,1.1025820324986868,9.704060527839234
313.0,1.0957658554325733,9.704060527839234
314.0,8.660862406152557,9.704060527839234
315.0,6.822104832151785,9.704060527839234
316.0,19.871802791000867,9.704060527839234
317.0,3.2560477325477133,9.704060527839234
318.0,5.954839707035564,9.704060527839234
319.0,5.080841886725985,9.704060527839234
320.0,17.19375253508406,9.704060527839234
321.0,19.269931108670505,9.704060527839234
322.0,0.14293701624823685,9.704060527839234
323.0,17.843964123417308,9.704060527839234
324.0,6.044862744759243,9.704060527839234
325.0,13.130344672462082,9.704060527839234
326.0,15.088846797987545,9.704060527839234
327.0,4.096962138226767,9.704060527839234
328.0,16.39654322827909,9.704060527839234
329.0,16.119986516621843,9.704060527839234
330.0,2.1635579357893353,9.704060527839234
331.0,5.839882723324057,9.704060527839234
332.0,0.8853315703609432,9.704060527839234
333.0,18.406198863583363,9.704060527839234
334.0,18.186093608601738,9.704060527839234
335.0,4.77124842515358,9.704060527839234
336.0,9.16128187207239,9.704060527839234
337.0,11.767765780584444,9.704060527839234
338.0,14.911506695921549,9.704060527839234
339.0,9.860694035872378,9.704060527839234
340.0,12.082706328253671,9.704060527839234
341.0,4.635432905206375,9.704060527839234
342.0,10.441069186044023,9.704060527839234
343.0,10.074895981283339,9.704060527839234
344.0,18.26050109645354,9.704060527839234
345.0,2.77588462871166,9.704060527839234
346.0,1.8255742651180373,9.704060527839234
347.0,11.720480109896377,9.704060527839234
348.0,12.190765943171321,9.704060527839234
349.0,4.589092293368848,9.704060527839234
350.0,14.996205559341176,9.704060527839234
351.0,11.002170733635168,9.704060527839234
352.0,15.859254270175194,9.704060527839234
353.0,13.381232120672234,9.704060527839234
354.0,18.998005365207067,9.704060527839234
355.0,7.516825990350164,9.704060527839234
356.0,1.7135461759129633,9.704060527839234
357.0,17.076241470541895,9.704060527839234
358.0,5.433167642139962,9.704060527839234
359.0,17.064364495833434,9.704060527839234
360.0,18.78237129695157,9.704060527839234
361.0,8.471992014147636,9.704060527839234
362.0,16.940862039851506,9.704060527839234
363.0,18.99784708912369,9.704060527839234
364.0,12.814140954144186,9.704060527839234
365.0,11.262237313769425,9.704060527839234
366.0,16.456310981028757,9.704060527839234
367.0,2.681996368319237,9.704060527839234
368.0,19.181349053284727,9.704060527839234
369.0,3.903004666163876,9.704060527839234
370.0,3.0621163914385496,9.704060527839234
371.0,4.806892153277042,9.704060527839234
372.0,17.895321844564894,9.704060527839234
373.0,12.733676450832103,9.704060527839234
374.0,4.350221674895853,9.704060527839234
375.0,6.100108055123461,9.704060527839234
376.0,7.5733042503169585,9.704060527839234
377.0,19.225800587069557,9.704060527839234
378.0,13.034475382602231,9.704060527839234
379.0,9.529342359721728,9.704060527839234
380.0,14.496510192750272,9.704060527839234
381.0,1.529727140392223,9.704060527839234
382.0,16.582384899277184,9.704060527839234
383.0,10.04647848559009,9.704060527839234
384.0,12.548876098650277,9.704060527839234
385.0,6.761225869996659,9.704060527839234
386.0,5.272852216506281,9.704060527839234
387.0,19.66859086222567,9.704060527839234
388.0,13.647174929215115,9.704060527839234
389.0,0.1297416303592902,9.704060527839234
390.0,5.4718975003348085,9.704060527839234
391.0,3.6071991638186796,9.704060527839234
392.0,2.987596523104019,9.704060527839234
393.0,9.606832032667267,9.704060527839234
394.0,13.547288790991125,9.704060527839234
395.0,16.312164577037294,9.704060527839234
396.0,18.282279497596434,9.704060527839234
397.0,4.079258417884897,9.704060527839234
398.0,3.2921766757985083,9.704060527839234
399.0,16.54294960736783,9.704060527839234
400.0,1.7882195183416094,9.704060527839234
401.0,8.960293897161392,9.704060527839234
402.0,19.41651308011074,9.704060527839234
403.0,18.705587962593768,9.704060527839234
404.0,14.776312365511785,9.704060527839234
405.0,7.645697429804777,9.704060527839234
406.0,13.71927890986338,9.704060527839234
407.0,8.104088205252662,9.704060527839234
408.0,7.100260498318482,9.704060527839234
409.0,9.864134528526037,9.704060527839234
410.0,12.318958987844503,9.704060527839234
411.0,11.875539217977945,9.704060527839234
412.0,15.2738683428908,9.704060527839234
413.0,12.443272435272474,9.704060527839234
414.0,18.16749345716808,9.704060527839234
415.0,14.12409095580047,9.704060527839234
416.0,12.984892394923929,9.704060527839234
417.0,2.799445606619737,9.704060527839234
418.0,9.440196138176354,9.704060527839234
419.0,10.1096461396983,9.704060527839234
420.0,5.894600288492038,9.704060527839234
421.0,9.491001748136703,9.704060527839234
422.0,14.67524957296842,9.704060527839234
423.0,13.83311596605322,9.704060527839234
424.0,19.307404569650895,9.704060527839234
425.0,1.0663049662566282,9.704060527839234
426.0,18.69026858757153,9.704060527839234
427.0,1.3285365859191756,9.704060527839234
428.0,6.899792040352244,9.704060527839234
429.0,13.88137402579973,9.704060527839234
430.0,12.725641073541116,9.704060527839234
431.0,18.566952423697202,9.704060527839234
432.0,8.0219934310153,9.704060527839234
433.0,2.8086521288868416,9.704060527839234
434.0,4.943742372349982,9.704060527839234
435.0,12.854000177750324,9.704060527839234
436.0,11.525142566865467,9.704060527839234
437.0,10.337557396616408,9.704060527839234
438.0,14.88282334483197,9.704060527839234
439.0,3.2122939228844993,9.704060527839234
440.0,19.936046525576007,9.704060527839234
441.0,14.708893225582685,9.704060527839234
442.0,4.683166778722654,9.704060527839234
443.0,12.199098372370079,9.704060527839234
444.0,10.971499067057671,9.704060527839234
445.0,15.143686994197713,9.704060527839234
446.0,7.3829962308718855,9.704060527839234
447.0,7.929591486831551,9.704060527839234
448.0,7.30344191239253,9.704060527839234
449.0,7.759153294633572,9.704060527839234
450.0,5.6458650226688505,9.704060527839234
451.0,14.554343667555518,9.704060527839234
452.0,17.964505948891777,9.704060527839234
453.0,2.341321022323324,9.704060527839234
454.0,7.118586963402029,9.704060527839234
455.0,19.398797464746934,9.704060527839234
456.0,9.96677541084657,9.704060527839234
457.0,19.358312274676358,9.704060527839234
458.0,19.65246175119329,9.704060527839234
459.0,15.43241318225859,9.704060527839234
460.0,17.88279908485554,9.704060527839234
461.0,19.574613581248443,9.704060527839234
462.0,18.36091311052276,9.704060527839234
463.0,5.652177114321441,9.704060527839234
464.0,13.332427055638618,9.704060527839234
465.0,12.221863541512057,9.704060527839234
466.0,18.47249450747048,9.704060527839234
467.0,10.998145322740033,9.704060527839234
468.0,1.5713498008241644,9.704060527839234
469.0,0.09513708393496856,9.704060527839234
470.0,10.346099957761954,9.704060527839234
471.0,14.533933258238601,9.704060527839234
472.0,18.333484506139687,9.704060527839234
473.0,2.3833341097327865,9.704060527839234
474.0,15.538182037224937,9.704060527839234
475.0,18.76273661745938,9.704060527839234
476.0,2.890386612431448,9.704060527839234
477.0,9.488177318387667,9.704060527839234
478.0,6.169772912642961,9.704060527839234
479.0,14.331867705199707,9.704060527839234
480.0,12.438424729881127,9.704060527839234
481.0,2.0925598450907335,9.704060527839234
482.0,8.42321197964405,9.704060527839234
483.0,14.06227004594508,9.704060527839234
484.0,6.987579405343791,9.704060527839234
485.0,15.4259897888062,9.704060527839234
486.0,2.694115456716264,9.704060527839234
487.0,7.206163513658492,9.704060527839234
488.0,15.577082395578412,9.704060527839234
489.0,7.530292449843216,9.704060527839234
490.0,3.316569828003053,9.704060527839234
491.0,4.493830978312396,9.704060527839234
492.0,2.594125046142668,9.704060527839234
493.0,6.633958389776509,9.704060527839234
494.0,14.228390696960048,9.704060527839234
495.0,0.24635469813266697,9.704060527839234
496.0,14.779733270585613,9.704060527839234
497.0,19.76731796617573,9.704060527839234
498.0,8.896838600572428,9.704060527839234
499.0,13.633989068143354,9.704060527839234
500.0,12.748886953644533,9.704060527839234
501.0,3.871269465395939,9.704060527839234
502.0,18.538197794555312,9.704060527839234
503.0,2.493766632389345,9.704060527839234
504.0,1.4313783866737873,9.704060527839234
505.0,13.285255806755718,9.704060527839234
506.0,11.19947796793954,9.704060527839234
507.0,19.382055426182344,9.704060527839234
508.0,11.832035591850442,9.704060527839234
509.0,13.908212317554323,9.704060527839234
510.0,19.29082904132217,9.704060527839234
511.0,1.626314287669397,9.704060527839234
512.0,6.096714195384953,9.704060527839234
513.0,9.923353364417212,9.704060527839234
514.0,12.055029882506695,9.704060527839234
515.0,0.1786352420424797,9.704060527839234
516.0,4.701976255742261,9.704060527839234
517.0,3.2254857869171105,9.704060527839234
518.0,14.809609155059498,9.704060527839234
519.0,1.0191054640061892,9.704060527839234
520.0,10.228834407596725,9.704060527839234
521.0,11.455110579667764,9.704060527839234
522.0,0.31096790364597116,9.704060527839234
523.0,4.869310779407925,9.704060527839234
524.0,5.534312319466343,9.704060527839234
525.0,13.938080122498457,9.704060527839234
526.0,12.61809872619716,9.704060527839234
527.0,5.136901140582739,9.704060527839234
528.0,19.87331720221933,9.704060527839234
529.0,5.762023601568664,9.704060527839234
530.0,7.733084453427028,9.704060527839234
531.0,4.393845294812946,9.704060527839234
532.0,16.984725145600194,9.704060527839234
533.0,17.97185482941551,9.704060527839234
534.0,19.235522236425222,9.704060527839234
535.0,19.525458126599215,9.704060527839234
536.0,11.852448729566593,9.704060527839234
537.0,1.1588545737125933,9.704060527839234
538.0,3.0862786029175227,9.704060527839234
539.0,11.258043188899325,9.704060527839234
540.0,4.456191998582009,9.704060527839234
541.0,18.9664990090927,9.704060527839234
542.0,6.7617467047956765,9.704060527839234
543.0,19.579026977393095,9.704060527839234
544.0,7.229175547088513,9.704060527839234
545.0,0.9323916793982812,9.704060527839234
546.0,12.793607347141373,9.704060527839234
547.0,8.484554946736559,9.704060527839234
548.0,3.702308156968346,9.704060527839234
549.0,14.051940076959983,9.704060527839234
550.0,5.258501952977339,9.704060527839234
551.0,13.550419530280823,9.704060527839234
552.0,14.705572686532056,9.704060527839234
553.0,15.792379202069354,9.704060527839234
554.0,16.755951622458486,9.704060527839234
555.0,18.43376392314329,9.704060527839234
556.0,7.33500287699359,9.704060527839234
557.0,4.442179244578193,9.704060527839234
558.0,6.664815229841783,9.704060527839234
559.0,3.6075001492808756,9.704060527839234
560.0,12.585588717756874,9.704060527839234
561.0,7.175355658432602,9.704060527839234
562.0,14.1724869794381,9.704060527839234
563.0,17.672528995169518,9.704060527839234
564.0,3.257610703887903,9.704060527839234
565.0,19.771300251972878,9.704060527839234
566.0,15.797413425265308,9.704060527839234
567.0,3.0182509245197298,9.704060527839234
568.0,5.25428203862141,9.704060527839234
569.0,12.763254620285451,9.704060527839234
570.0,17.12862641315666,9.704060527839234
571.0,7.453757915487356,9.704060527839234
572.0,17.794930648466583,9.704060527839234
573.0,9.087810003689123,9.704060527839234
574.0,2.134691579964314,9.704060527839234
575.0,6.754601404663219,9.704060527839234
576.0,15.781599356143442,9.704060527839234
577.0,19.329381793995953,9.704060527839234
578.0,3.2296838720524357,9.704060527839234
579.0,14.51285384744583,9.704060527839234
580.0,11.250996173523122,9.704060527839234
581.0,15.790616201918354,9.704060527839234
582.0,3.5965159589854268,9.704060527839234
583.0,2.807128660790059,9.704060527839234
584.0,4.812110134986951,9.704060527839234
585.0,16.22610464066511,9.704060527839234
586.0,7.180840514363769,9.704060527839234
587.0,1.2956617823117744,9.704060527839234
588.0,10.371393590898546,9.704060527839234
589.0,4.867464973898928,9.704060527839234
590.0,5.403209023606048,9.704060527839234
591.0,7.211866130704603,9.704060527839234
592.0,0.4882058724508931,9.704060527839234
593.0,2.9352959841120274,9.704060527839234
594.0,19.057452608188687,9.704060527839234
595.0,6.376160925160114,9.704060527839234
596.0,10.349948128563016,9.704060527839234
597.0,17.130257486278932,9.704060527839234
598.0,1.0185988914349542,9.704060527839234
599.0,5.970952419854269,9.704060527839234
600.0,18.750734598616127,9.704060527839234
601.0,0.10259839147856775,9.704060527839234
602.0,15.074614926697215,9.704060527839234
603.0,12.300035173772788,9.704060527839234
604.0,18.29421735314856,9.704060527839234
605.0,6.532827514983836,9.704060527839234
606.0,10.090348049106236,9.704060527839234
607.0,12.725659905826674,9.704060527839234
608.0,16.86409105969931,9.704060527839234
609.0,11.275225189506804,9.704060527839234
610.0,12.202679170974822,9.704060527839234
611.0,0.9196042423354345,9.704060527839234
612.0,2.052828471603414,9.704060527839234
613.0,14.183051740053635,9.704060527839234
614.0,9.134720952523793,9.704060527839234
615.0,11.566925346739188,9.704060527839234
616.0,19.914229466178103,9.704060527839234
617.0,2.8929366321742567,9.704060527839234
618.0,14.048885123120305,9.704060527839234
619.0,12.72364314748815,9.704060527839234
620.0,1.0046481696469756,9.704060527839234
621.0,15.941251976208717,9.704060527839234
622.0,15.288763640918422,9.704060527839234
623.0,18.37365918552967,9.704060527839234
624.0,6.488631984878683,9.704060527839234
625.0,8.335249566358574,9.704060527839234
626.0,14.0805674799146,9.704060527839234
627.0,14.910973515582953,9.704060527839234
628.0,19.56086819012501,9.704060527839234
629.0,15.936811249276332,9.704060527839234
630.0,19.852283292234823,9.704060527839234
631.0,7.255702837592695,9.704060527839234
632.0,5.048741918103237,9.704060527839234
633.0,12.605421582128187,9.704060527839234
634.0,14.785994631235372,9.704060527839234
635.0,12.10567694384228,9.704060527839234
636.0,15.49497843751142,9.704060527839234
637.0,0.7707101333110211,9.704060527839234
638.0,8.678638559410999,9.704060527839234
639.0,12.312234357679447,9.704060527839234
640.0,5.8698376196875195,9.704060527839234
641.0,2.711474136185068,9.704060527839234
642.0,16.559675997139177,9.704060527839234
643.0,6.662670929026642,9.704060527839234
644.0,6.003040464683931,9.704060527839234
645.0,1.4925362268039266,9.704060527839234
646.0,4.277636182854126,9.704060527839234
647.0,3.840813667133074,9.704060527839234
648.0,13.563469320462772,9.704060527839234
649.0,7.601378526463485,9.704060527839234
650.0,14.423094703894497,9.704060527839234
651.0,6.415771036056121,9.704060527839234
652.0,5.214540264094354,9.704060527839234
653.0,14.53748237770796,9.704060527839234
654.0,17.45081878751975,9.704060527839234
655.0,15.79731942223252,9.704060527839234
656.0,16.275449528153263,9.704060527839234
657.0,13.939244628964637,9.704060527839234
658.0,1.0118357487070084,9.704060527839234
659.0,4.355703534809104,9.704060527839234
660.0,0.5137033219670428,9.704060527839234
661.0,16.388625422352654,9.704060527839234
662.0,1.1396325120246975,9.704060527839234
663.0,8.733185889395747,9.704060527839234
664.0,17.894797743771015,9.704060527839234
665.0,4.2963556261569025,9.704060527839234
666.0,11.43697147200902,9.704060527839234
667.0,1.2037723551987356,9.704060527839234
668.0,1.9417712721744507,9.704060527839234
669.0,13.14407043036308,9.704060527839234
670.0,5.052251619081547,9.704060527839234
671.0,4.2236055381477255,9.704060527839234
672.0,3.9409981121559845,9.704060527839234
673.0,15.055190274892027,9.704060527839234
674.0,9.89070550121254,9.704060527839234
675.0,12.028417205823054,9.704060527839234
676.0,14.533305752976437,9.704060527839234
677.0,0.8631313398354812,9.704060527839234
678.0,12.171519921304474,9.704060527839234
679.0,19.413271825871092,9.704060527839234
680.0,2.718134114464059,9.704060527839234
681.0,17.606306588435828,9.704060527839234
682.0,12.336512739573527,9.704060527839234
683.0,19.579561912864044,9.704060527839234
684.0,19.449065985020685,9.704060527839234
685.0,12.290313668517088,9.704060527839234
686.0,7.035865815414278,9.704060527839234
687.0,11.4808481564442,9.704060527839234
688.0,7.121362830439367,9.704060527839234
689.0,4.765392968013815,9.704060527839234
690.0,18.86271833354501,9.704060527839234
691.0,18.22910765677144,9.704060527839234
692.0,14.617785468741207,9.704060527839234
693.0,6.457143549143471,9.704060527839234
694.0,14.43390094120927,9.704060527839234
695.0,10.356791147053979,9.704060527839234
696.0,4.367399418722644,9.704060527839234
697.0,9.643511622818874,9.704060527839234
698.0,9.160269957547902,9.704060527839234
699.0,5.296767121508088,9.704060527839234
700.0,1.148146239147838,9.704060527839234
701.0,13.390986646483283,9.704060527839234
702.0,18.9759663404474,9.704060527839234
703.0,13.332383609189495,9.704060527839234
704.0,4.443564843135692,9.704060527839234
705.0,9.260315065078107,9.704060527839234
706.0,9.291345648153007,9.704060527839234
707.0,5.908587791307475,9.704060527839234
708.0,18.95687584202487,9.704060527839234
709.0,4.09815764302607,9.704060527839234
710.0,17.086081231142515,9.704060527839234
711.0,1.143386716150676,9.704060527839234
712.0,19.075066081948687,9.704060527839234
713.0,11.192154189940911,9.704060527839234
714.0,1.1457418072086578,9.704060527839234
715.0,9.588982321523144,9.704060527839234
716.0,16.492045355838453,9.704060527839234
717.0,17.383264757919605,9.704060527839234
718.0,7.306424941658854,9.704060527839234
719.0,13.051329008207471,9.704060527839234
720.0,5.281119815369195,9.704060527839234
721.0,7.467777406567526,9.704060527839234
722.0,14.638399403267726,9.704060527839234
723.0,6.819608061834355,9.704060527839234
724.0,14.09341294377054,9.704060527839234
725.0,17.432124362358415,9.704060527839234
726.0,14.58077875758185,9.704060527839234
727.0,7.320716971371468,9.704060527839234
728.0,8.076387024464973,9.704060527839234
729.0,5.591069556752988,9.704060527839234
730.0,3.2785594357677073,9.704060527839234
731.0,9.065399169923475,9.704060527839234
732.0,10.417842003213227,9.704060527839234
733.0,10.675966308536857,9.704060527839234
734.0,9.346071411436071,9.704060527839234
735.0,19.850273006664565,9.704060527839234
736.0,6.28959802934461,9.704060527839234
737.0,15.331984155557535,9.704060527839234
738.0,0.9115803452910365,9.704060527839234
739.0,18.40092427052681,9.704060527839234
740.0,0.8220247611983744,9.704060527839234
741.0,8.055586922160032,9.704060527839234
742.0,5.057247392698134,9.704060527839234
743.0,1.7382262977120244,9.704060527839234
744.0,15.530402140006492,9.704060527839234
745.0,11.668221443960231,9.704060527839234
746.0,11.01518039142832,9.704060527839234
747.0,12.245135478310182,9.704060527839234
748.0,0.2870445967070978,9.704060527839234
749.0,11.873750331736888,9.704060527839234
750.0,7.896345740549653,9.704060527839234
751.0,1.6370936687107385,9.704060527839234
752.0,12.28444652984697,9.704060527839234
753.0,5.354876320831334,9.704060527839234
754.0,19.31595570038839,9.704060527839234
755.0,6.953943804039655,9.704060527839234
756.0,10.622498430087672,9.704060527839234
757.0,6.5989946384310505,9.704060527839234
758.0,3.354880449253257,9.704060527839234
759.0,19.42174086026673,9.704060527839234
760.0,5.436125768325796,9.704060527839234
761.0,19.60248890234033,9.704060527839234
762.0,14.930003658285745,9.704060527839234
763.0,18.08221563816534,9.704060527839234
764.0,10.951973724989264,9.704060527839234
765.0,0.012154641391357579,9.704060527839234
766.0,4.73974217083213,9.704060527839234
767.0,15.877156172385723,9.704060527839234
768.0,13.259247541190483,9.704060527839234
769.0,19.69354794335491,9.704060527839234
770.0,5.478701638718899,9.704060527839234
771.0,15.124475358179573,9.704060527839234
772.0,1.8930762927749067,9.704060527839234
773.0,11.624865007799755,9.704060527839234
774.0,11.707564373767577,9.704060527839234
775.0,18.06822213749034,9.704060527839234
776.0,4.598281261674173,9.704060527839234
777.0,12.620068625203784,9.704060527839234
778.0,14.843649898881432,9.704060527839234
779.0,17.287190989805474,9.704060527839234
780.0,14.213918025661783,9.704060527839234
781.0,3.543471927459012,9.704060527839234
782.0,9.007274933077401,9.704060527839234
783.0,14.671342501563142,9.704060527839234
784.0,0.17884608755553755,9.704060527839234
785.0,8.02584671982822,9.704060527839234
786.0,6.625132876987426,9.704060527839234
787.0,8.183421481120593,9.704060527839234
788.0,14.139693615372757,9.704060527839234
789.0,12.849510966608468,9.704060527839234
790.0,7.729141201271837,9.704060527839234
791.0,16.99001217994098,9.704060527839234
792.0,18.968095389329495,9.704060527839234
793.0,16.29247995877598,9.704060527839234
794.0,10.558503417901285,9.704060527839234
795.0,2.8401104293020363,9.704060527839234
796.0,7.241238376919652,9.704060527839234
797.0,14.672390103151823,9.704060527839234
798.0,3.7531180401610387,9.704060527839234
799.0,9.311659484478842,9.704060527839234
800.0,17.986470611440897,9.704060527839234
801.0,19.11806893081499,9.704060527839234
802.0,16.25163388915889,9.704060527839234
803.0,1.2241145005812082,9.704060527839234
804.0,1.8528978965664433,9.704060527839234
805.0,13.794611336345382,9.704060527839234
806.0,4.696573584306359,9.704060527839234
807.0,8.031534659489763,9.704060527839234
808.0,9.77538122433204,9.704060527839234
809.0,19.253758712773905,9.704060527839234
810.0,2.518953170805418,9.704060527839234
811.0,16.770506209635695,9.704060527839234
812.0,6.2590854384289285,9.704060527839234
813.0,6.572679944084847,9.704060527839234
814.0,4.065921754606561,9.704060527839234
815.0,19.832079162268663,9.704060527839234
816.0,17.343868719410406,9.704060527839234
817.0,3.2703183668782088,9.704060527839234
818.0,12.62684203581141,9.704060527839234
819.0,8.202531027718202,9.704060527839234
820.0,19.249229622161184,9.704060527839234
821.0,6.484025025674569,9.704060527839234
822.0,15.695804066649487,9.704060527839234
823.0,7.184440258712375,9.704060527839234
824.0,10.927645812777666,9.704060527839234
825.0,8.838562655674671,9.704060527839234
826.0,19.98289718698885,9.704060527839234
827.0,6.221644045632313,9.704060527839234
828.0,1.6996877243913033,9.704060527839234
829.0,12.656420761539495,9.704060527839234
830.0,8.349990885467243,9.704060527839234
831.0,0.20519821306224983,9.704060527839234
832.0,4.631268408480169,9.704060527839234
833.0,0.33753700523627916,9.704060527839234
834.0,6.184012915906041,9.704060527839234
835.0,18.50016388590636,9.704060527839234
836.0,8.80487780886093,9.704060527839234
837.0,4.97393014514169,9.704060527839234
838.0,5.513932537876283,9.704060527839234
839.0,16.062827665402178,9.704060527839234
840.0,5.275327244935381,9.704060527839234
841.0,12.30757612583795,9.704060527839234
842.0,17.062052554786796,9.704060527839234
843.0,17.042161632030187,9.704060527839234
844.0,2.5239449230394184,9.704060527839234
845.0,7.834434903856864,9.704060527839234
846.0,2.0241089085857156,9.704060527839234
847.0,13.01383073004574,9.704060527839234
848.0,17.299753839717596,9.704060527839234
849.0,11.798230645971206,9.704060527839234
850.0,13.402552807759347,9.704060527839234
851.0,13.213281844919202,9.704060527839234
852.0,9.436766904548756,9.704060527839234
853.0,10.449896808209886,9.704060527839234
854.0,9.266960590925777,9.704060527839234
855.0,12.649619863526967,9.704060527839234
856.0,5.141912000846755,9.704060527839234
857.0,5.200807404280594,9.704060527839234
858.0,14.570127104676143,9.704060527839234
859.0,14.353403478186772,9.704060527839234
860.0,4.329631079448609,9.704060527839234
861.0,6.7308900756420975,9.704060527839234
862.0,7.661642266291622,9.704060527839234
863.0,19.818072101083423,9.704060527839234
864.0,5.016341377486899,9.704060527839234
865.0,1.2817204821541583,9.704060527839234
866.0,7.17260000551363,9.704060527839234
867.0,11.982598889119053,9.704060527839234
868.0,0.1774719334322583,9.704060527839234
869.0,7.832201684610767,9.704060527839234
870.0,3.513971632711721,9.704060527839234
871.0,8.733516390866985,9.704060527839234
872.0,2.9941822718200273,9.704060527839234
873.0,6.583533002638486,9.704060527839234
874.0,1.3053069372556347,9.704060527839234
875.0,18.448184254011952,9.704060527839234
876.0,6.65565288672525,9.704060527839234
877.0,18.953093709427613,9.704060527839234
878.0,11.376861573782156,9.704060527839234
879.0,7.212551280840202,9.704060527839234
880.0,10.742525932098271,9.704060527839234
881.0,2.6869119188036117,9.704060527839234
882.0,18.767408758921945,9.704060527839234
883.0,18.170449781345944,9.704060527839234
884.0,12.234717112766784,9.704060527839234
885.0,9.771892891329582,9.704060527839234
886.0,18.002122363206745,9.704060527839234
887.0,3.0269710131990446,9.704060527839234
888.0,17.245756456872392,9.704060527839234
889.0,6.291162858149573,9.704060527839234
890.0,15.12218772147219,9.704060527839234
891.0,11.564946361975863,9.704060527839234
892.0,12.901325071093082,9.704060527839234
893.0,17.569996500297115,9.704060527839234
894.0,15.850075280377744,9.704060527839234
895.0,14.524833671217827,9.704060527839234
896.0,4.742574199802654,9.704060527839234
897.0,15.066367099380901,9.704060527839234
898.0,4.398899765831081,9.704060527839234
899.0,13.886271460853282,9.704060527839234
900.0,17.335230262299795,9.704060527839234
901.0,7.420063183957,9.704060527839234
902.0,6.559710702063757,9.704060527839234
903.0,6.09821301769659,9.704060527839234
904.0,14.680370474053465,9.704060527839234
905.0,0.7020399269530686,9.704060527839234
906.0,7.906544207752861,9.704060527839234
907.0,1.71820522695167,9.704060527839234
908.0,5.876350451812964,9.704060527839234
909.0,10.543358111738527,9.704060527839234
910.0,1.3724328415020248,9.704060527839234
911.0,13.990587984893777,9.704060527839234
912.0,10.053590939993644,9.704060527839234
913.0,0.4052133733066787,9.704060527839234
914.0,5.504714308058225,9.704060527839234
915.0,6.420123198160594,9.704060527839234
916.0,16.33666449600709,9.704060527839234
917.0,9.369412032232933,9.704060527839234
918.0,10.500818190717126,9.704060527839234
919.0,15.080028098877712,9.704060527839234
920.0,2.4209599194550946,9.704060527839234
921.0,5.041452468859344,9.704060527839234
922.0,6.152138226671397,9.704060527839234
923.0,4.538502623112334,9.704060527839234
924.0,13.492527197783913,9.704060527839234
925.0,17.68070770465983,9.704060527839234
926.0,8.525463046069472,9.704060527839234
927.0,5.794178438018567,9.704060527839234
928.0,3.865363183167516,9.704060527839234
929.0,11.81184401343888,9.704060527839234
930.0,11.708543218542877,9.704060527839234
931.0,5.287798905655081,9.704060527839234
932.0,16.26059609021929,9.704060527839234
933.0,14.85876316083271,9.704060527839234
934.0,0.08534837611048562,9.704060527839234
935.0,4.32484536217109,9.704060527839234
936.0,12.482833909718366,9.704060527839234
937.0,2.830972592324996,9.704060527839234
938.0,4.589706333394852,9.704060527839234
939.0,0.5368217442081757,9.704060527839234
940.0,11.105115234292732,9.704060527839234
941.0,13.331749068259358,9.704060527839234
942.0,7.015092004308223,9.704060527839234
943.0,17.031383708663242,9.704060527839234
944.0,6.309528709789333,9.704060527839234
945.0,3.5028084845493668,9.704060527839234
946.0,13.095624848718565,9.704060527839234
947.0,11.711643083294948,9.704060527839234
948.0,2.992448595549362,9.704060527839234
949.0,17.467601058409407,9.704060527839234
950.0,8.850391498760073,9.704060527839234
951.0,12.278509009335576,9.704060527839234
952.0,9.122019114975956,9.704060527839234
953.0,7.186439861677096,9.704060527839234
954.0,7.732575386087344,9.704060527839234
955.0,12.284144981490313,9.704060527839234
956.0,16.88713626096259,9.704060527839234
957.0,9.462012476203283,9.704060527839234
958.0,8.387399911581303,9.704060527839234
959.0,5.4507254138135774,9.704060527839234
960.0,19.16729564735897,9.704060527839234
961.0,19.349512965164795,9.704060527839234
962.0,2.5847538633657696,9.704060527839234
963.0,11.026761575526402,9.704060527839234
964.0,9.718117142821267,9.704060527839234
965.0,4.828092799261432,9.704060527839234
966.0,15.857783932426443,9.704060527839234
967.0,13.682880443206656,9.704060527839234
968.0,10.489523433553863,9.704060527839234
969.0,3.9444122104651957,9.704060527839234
970.0,2.6630659538182155,9.704060527839234
971.0,14.123039545784405,9.704060527839234
972.0,1.2003624070637575,9.704060527839234
973.0,7.385010440506492,9.704060527839234
974.0,9.133395891144907,9.704060527839234
975.0,11.198707494697619,9.704060527839234
976.0,3.572810735086449,9.704060527839234
977.0,6.826809079495537,9.704060527839234
978.0,7.121288355846252,9.704060527839234
979.0,19.916493357787015,9.704060527839234
980.0,7.687786355272451,9.704060527839234
981.0,8.841128768271371,9.704060527839234
982.0,2.6595619875810073,9.704060527839234
983.0,19.201637178277295,9.704060527839234
984.0,10.320419847834703,9.704060527839234
985.0,9.956143058190927,9.704060527839234
986.0,7.195561128750409,9.704060527839234
987.0,17.21524915019012,9.704060527839234
988.0,3.667818869929329,9.704060527839234
989.0,4.00138496915146,9.704060527839234
990.0,8.695836416393982,9.704060527839234
991.0,11.118624495232579,9.704060527839234
992.0,15.232607397939223,9.704060527839234
993.0,0.9221007804918657,9.704060527839234
994.0,15.121600277352274,9.704060527839234
995.0,13.291167634408371,9.704060527839234
996.0,14.493825125394489,9.704060527839234
997.0,17.14593040352699,9.704060527839234
998.0,14.145777600937011,9.704060527839234
999.0,14.00132932451383,9.704060527839234
1000.0,7.511336879463175,9.704060527839234
1001.0,4.838190903537194,9.704060527839234
1002.0,2.6602998213572393,9.704060527839234
1003.0,9.897691442019468,9.704060527839234
1004.0,10.64812259216245,9.704060527839234
1005.0,15.522202693703687,9.704060527839234
1006.0,2.6526468917274793,9.704060527839234
1007.0,13.531635997068213,9.704060527839234
1008.0,2.4056553692206917,9.704060527839234
1009.0,10.983426155400426,9.704060527839234
1010.0,8.529998946164493,9.704060527839234
1011.0,5.9208298857722275,9.704060527839234
1012.0,1.3688265271562217,9.704060527839234
1013.0,18.250133208123827,9.704060527839234
1014.0,17.08885718267384,9.704060527839234
1015.0,4.537549401160694,9.704060527839234
1016.0,9.871130579922218,9.704060527839234
1017.0,13.55978726788763,9.704060527839234
1018.0,16.274258431903753,9.704060527839234
1019.0,6.427112880694946,9.704060527839234
1020.0,16.432312709982533,9.704060527839234
1021.0,6.919745850551369,9.704060527839234
1022.0,9.48370524504181,9.704060527839234
1023.0,14.123177123563078,9.704060527839234
1024.0,16.82486292408164,9.704060527839234
1025.0,0.5275494753987009,9.704060527839234
1026.0,1.5445908518942808,9.704060527839234
1027.0,7.015166902773569,9.704060527839234
1028.0,17.81514799667211,9.704060527839234
1029.0,1.9985661337786054,9.704060527839234
1030.0,1.2725568458089254,9.704060527839234
1031.0,4.015597777647651,9.704060527839234
1032.0,6.792600807902325,9.704060527839234
1033.0,4.565758659608143,9.704060527839234
1034.0,19.487590710067924,9.704060527839234
1035.0,7.948186285325194,9.704060527839234
1036.0,0.053827809289259676,9.704060527839234
1037.0,1.7810535161610086,9.704060527839234
1038.0,1.579447163788168,9.704060527839234
1039.0,18.52651476025098,9.704060527839234
1040.0,7.307482103196206,9.704060527839234
1041.0,9.52399017037791,9.704060527839234
1042.0,12.58527392203148,9.704060527839234
1043.0,19.325509604425644,9.704060527839234
1044.0,2.6420134023137742,9.704060527839234
1045.0,3.663586850915419,9.704060527839234
1046.0,14.473967625910856,9.704060527839234
1047.0,3.4129630238320763,9.704060527839234
1048.0,7.078886035951292,9.704060527839234
1049.0,1.2161226791160629,9.704060527839234
1050.0,5.60418847478847,9.704060527839234
1051.0,18.07847095169624,9.704060527839234
1052.0,15.29966913189311,9.704060527839234
1053.0,3.0959625448107397,9.704060527839234
1054.0,7.8045927459250874,9.704060527839234
1055.0,18.93309281844897,9.704060527839234
1056.0,14.58470225842702,9.704060527839234
1057.0,9.663675824336726,9.704060527839234
1058.0,18.47686494904969,9.704060527839234
1059.0,19.675047310999258,9.704060527839234
1060.0,6.352509296126585,9.704060527839234
1061.0,6.237495873655387,9.704060527839234
1062.0,18.400259338215857,9.704060527839234
1063.0,10.962868043413188,9.704060527839234
1064.0,15.55813762670052,9.704060527839234
1065.0,12.672605898695066,9.704060527839234
1066.0,13.173944772988227,9.704060527839234
1067.0,10.386303312050329,9.704060527839234
1068.0,14.46078675989482,9.704060527839234
1069.0,9.363972533005722,9.704060527839234
1070.0,9.254740133741574,9.704060527839234
1071.0,0.5533079821369169,9.704060527839234
1072.0,9.862543866730771,9.704060527839234
1073.0,15.025749143953387,9.704060527839234
1074.0,3.249057603619754,9.704060527839234
1075.0,18.560474973423442,9.704060527839234
1076.0,6.489529809333927,9.704060527839234
1077.0,13.262025271518588,9.704060527839234
1078.0,7.858867781670975,9.704060527839234
1079.0,10.315069821496552,9.704060527839234
1080.0,8.344612945881622,9.704060527839234
1081.0,19.057061333132282,9.704060527839234
1082.0,2.338034087504768,9.704060527839234
1083.0,11.405476566633038,9.704060527839234
1084.0,2.1230398334044476,9.704060527839234
1085.0,15.606465786101966,9.704060527839234
1086.0,0.9923466934610214,9.704060527839234
1087.0,9.428258594461008,9.704060527839234
1088.0,9.807829841585818,9.704060527839234
1089.0,1.7058632193417056,9.704060527839234
1090.0,7.492114003906876,9.704060527839234
1091.0,7.4952524064368165,9.704060527839234
1092.0,5.963903822684806,9.704060527839234
1093.0,14.742880742515514,9.704060527839234
1094.0,14.360674881487878,9.704060527839234
1095.0,6.515247467686985,9.704060527839234
1096.0,14.074386242048497,9.704060527839234
1097.0,7.417400282538913,9.704060527839234
1098.0,3.3606886177105277,9.704060527839234
1099.0,18.67043970675088,9.704060527839234
1100.0,6.680677174726788,9.704060527839234
1101.0,19.516257586242002,9.704060527839234
1102.0,10.671386988637547,9.704060527839234
1103.0,11.993021068538848,9.704060527839234
1104.0,5.644290773316651,9.704060527839234
1105.0,6.830595686272021,9.704060527839234
1106.0,19.21216678973173,9.704060527839234
1107.0,2.4755880478667303,9.704060527839234
1108.0,14.845633054516878,9.704060527839234
1109.0,17.782088848544323,9.704060527839234
1110.0,15.180638042976554,9.704060527839234
1111.0,18.32536842067253,9.704060527839234
1112.0,8.223677896638739,9.704060527839234
1113.0,11.816705312109598,9.704060527839234
1114.0,12.28134100701483,9.704060527839234
1115.0,16.90847269014736,9.704060527839234
1116.0,9.440107434492322,9.704060527839234
1117.0,0.8193071489584391,9.704060527839234
1118.0,4.315360019553767,9.704060527839234
1119.0,0.21691492864626793,9.704060527839234
1120.0,1.4091015800697648,9.704060527839234
1121.0,5.511103284271233,9.704060527839234
1122.0,4.054110861491765,9.704060527839234
1123.0,16.398828179917285,9.704060527839234
1124.0,17.86791708010809,9.704060527839234
1125.0,19.31950107087085,9.704060527839234
1126.0,6.788031179201859,9.704060527839234
1127.0,16.448321743897672,9.704060527839234
1128.0,11.790081264998431,9.704060527839234
1129.0,13.215543416117505,9.704060527839234
1130.0,12.366240744150511,9.704060527839234
1131.0,14.4291770438106,9.704060527839234
1132.0,8.01607046181904,9.704060527839234
1133.0,0.4336837492202461,9.704060527839234
1134.0,11.607402547856216,9.704060527839234
1135.0,15.45597719620022,9.704060527839234
1136.0,7.974777984997054,9.704060527839234
1137.0,13.425093580500961,9.704060527839234
1138.0,18.85723204093852,9.704060527839234
1139.0,9.244838261549218,9.704060527839234
1140.0,4.58751105242481,9.704060527839234
1141.0,16.721339778422767,9.704060527839234
1142.0,6.961738319879718,9.704060527839234
1143.0,1.8554714629540858,9.704060527839234
1144.0,10.699340025456818,9.704060527839234
1145.0,4.468656422309842,9.704060527839234
1146.0,17.833078886411794,9.704060527839234
1147.0,18.79997104314374,9.704060527839234
1148.0,1.5641343944704622,9.704060527839234
1149.0,7.007333855426616,9.704060527839234
1150.0,12.130688450676123,9.704060527839234
1151.0,18.828871619761706,9.704060527839234
1152.0,11.444793707526507,9.704060527839234
1153.0,18.471958847060186,9.704060527839234
1154.0,0.35830376852143075,9.704060527839234
1155.0,18.544880581881202,9.704060527839234
1156.0,19.074895754875566,9.704060527839234
1157.0,7.044404353701874,9.704060527839234
1158.0,11.855297019936096,9.704060527839234
1159.0,8.7353794815039,9.704060527839234
1160.0,12.671483460320594,9.704060527839234
1161.0,12.98574014551411,9.704060527839234
1162.0,9.343296211932044,9.704060527839234
1163.0,3.484056316963491,9.704060527839234
1164.0,17.260032039718546,9.704060527839234
1165.0,15.561041284590203,9.704060527839234
1166.0,7.41001645087795,9.704060527839234
1167.0,7.17267186279118,9.704060527839234
1168.0,4.376866951661242,9.704060527839234
1169.0,11.35768977339347,9.704060527839234
1170.0,11.98980681683719,9.704060527839234
1171.0,8.511220408092623,9.704060527839234
1172.0,15.544092947096468,9.704060527839234
1173.0,3.1528132975705736,9.704060527839234
1174.0,9.13295097265646,9.704060527839234
1175.0,6.695353488236407,9.704060527839234
1176.0,3.6904713137217215,9.704060527839234
1177.0,16.59164245346734,9.704060527839234
1178.0,2.8925635372944947,9.704060527839234
1179.0,2.608480546293188,9.704060527839234
1180.0,14.493246784672118,9.704060527839234
1181.0,12.389411925233553,9.704060527839234
1182.0,15.123541095985836,9.704060527839234
1183.0,3.001357652273493,9.704060527839234
1184.0,11.490931511426261,9.704060527839234
1185.0,7.482461996768932,9.704060527839234
1186.0,0.6889455251596388,9.704060527839234
1187.0,16.728776438499633,9.704060527839234
1188.0,10.426717231772162,9.704060527839234
1189.0,6.328584396364201,9.704060527839234
1190.0,7.716123641709995,9.704060527839234
1191.0,18.405010073822996,9.704060527839234
1192.0,1.9074197803889814,9.704060527839234
1193.0,8.333815718798476,9.704060527839234
1194.0,6.413915288296732,9.704060527839234
1195.0,7.9716585056314715,9.704060527839234
1196.0,16.930028051561163,9.704060527839234
1197.0,9.368865343215518,9.704060527839234
1198.0,7.398368899036369,9.704060527839234
1199.0,9.177409325149936,9.704060527839234
1200.0,17.562540516165846,9.704060527839234
1201.0,11.259036875188315,9.704060527839234
1202.0,7.98031557025185,9.704060527839234
1203.0,13.373293802869476,9.704060527839234
1204.0,6.854025526621892,9.704060527839234
1205.0,4.168821014498918,9.704060527839234
1206.0,9.770591921061008,9.704060527839234
1207.0,9.961185354100504,9.704060527839234
1208.0,2.433970090274573,9.704060527839234
1209.0,16.618658680540573,9.704060527839234
1210.0,4.894719292225549,9.704060527839234
