Subject,alpha,beta
1.0,1.0,0.2578735006091834
2.0,0.004509527462292117,20.0
3.0,0.0,1e-10
4.0,0.07310877498862718,0.6110100195713972
5.0,0.0,1e-10
6.0,0.0,1e-10
7.0,1.0,0.06743666679114184
8.0,0.0,1e-10
9.0,0.0,1e-10
10.0,0.0,1e-10
11.0,0.0,1e-10
12.0,0.0,1e-10
13.0,0.007571182019554667,20.0
14.0,0.0,1e-10
15.0,0.00776469539026066,20.0
16.0,0.0,1e-10
17.0,0.0,1e-10
18.0,0.9375670682765271,16.365743052187227
19.0,0.0,1e-10
20.0,0.30545643450903015,0.4579132348035934
21.0,0.0,1e-10
22.0,0.01995054023931321,20.0
23.0,0.0,1e-10
24.0,0.01089871415464384,20.0
25.0,0.006957669940276477,20.0
26.0,1.0,0.06743666018888585
27.0,0.0,1e-10
28.0,0.00802612415574928,20.0
29.0,0.0,1e-10
30.0,0.0,1e-10
31.0,0.0,1e-10
32.0,0.5995955301652295,0.5626020991421364
33.0,0.0,1e-10
34.0,1.0,7.005908243854745
35.0,0.006887508257282268,20.0
36.0,0.01562629469100653,20.0
37.0,0.0,1e-10
38.0,0.0077917930809938245,20.0
39.0,0.24107219294568905,0.5802101604478365
40.0,0.0,1e-10
41.0,0.0,1e-10
42.0,0.0,1e-10
43.0,0.0,1e-10
44.0,0.0009537251230916709,20.0
45.0,0.0,1e-10
46.0,0.017814447703511406,20.0
47.0,0.0,1e-10
48.0,0.0,1e-10
49.0,0.0,1e-10
50.0,1.0,0.13987253732357505
51.0,0.0,1e-10
52.0,1.0,0.33733369042181044
53.0,0.0,1e-10
54.0,1.0,0.13987254041842073
55.0,1.0,0.13987253634441005
56.0,0.0076240285914610335,20.0
57.0,0.5184234549413422,0.498296311502752
58.0,0.0,1e-10
59.0,0.2846162051987349,0.4914426511536591
60.0,0.012084516300742632,20.0
61.0,0.0,1e-10
62.0,1.0,0.13987253809609482
63.0,0.8339369538265303,0.16772555823758026
64.0,0.0,1e-10
65.0,0.0,1e-10
66.0,0.0,1e-10
67.0,0.0,1e-10
68.0,0.0,1e-10
69.0,0.0,1e-10
70.0,0.0,1e-10
71.0,0.0,1e-10
72.0,0.0,1e-10
73.0,1.0,0.06743665852770114
74.0,1.0,0.1398725423093328
75.0,1.0,0.06743665488831024
76.0,1.0,0.5291336552643868
77.0,0.0,1e-10
78.0,0.0,1e-10
79.0,0.0,1e-10
80.0,0.00224073144775679,20.0
81.0,0.006992043743240852,20.0
82.0,0.13310236614976612,1.6175791072990562
83.0,0.0,1e-10
84.0,0.8987016598039831,0.9528530122446697
85.0,1.0,0.13987253635725153
86.0,0.016207072202987685,20.0
87.0,1.0,0.2246654663272048
88.0,0.757779735415917,0.44516061907813526
89.0,1.0,13.287258096878507
90.0,0.0,1e-10
91.0,0.3284746649137751,0.7850635885905036
92.0,0.0,1e-10
93.0,0.0,1e-10
94.0,0.3117020761640071,1.4396374448787934
95.0,0.0016879960395444237,20.0
96.0,0.0,1e-10
97.0,0.0,1e-10
98.0,1.0,4.440273907440261
99.0,1.0,0.13987253566503477
100.0,0.0,1e-10
101.0,0.17442099583879206,0.8019249305407057
102.0,0.0,1e-10
103.0,0.0,1e-10
104.0,1.0,11.12370901452372
105.0,1.0,0.44873798170318513
106.0,0.01995053956016715,20.0
107.0,0.0,1e-10
108.0,0.14466216195291154,0.966891021040726
109.0,1.0,0.22466546998810355
110.0,0.11992157476507881,0.5623397175488233
111.0,0.0028950081109087697,20.0
112.0,0.0,1e-10
113.0,1.0,0.1398725383895292
114.0,1.0,0.06743665833769844
115.0,0.0,1e-10
116.0,0.0009500856122964643,20.0
117.0,1.0,0.398499897344391
118.0,0.693848052438723,0.9252266691832938
119.0,0.0,1e-10
120.0,0.0,1e-10
121.0,0.020873117365933256,20.0
122.0,1.0,12.532498570259007
123.0,0.007989037718600525,20.0
124.0,0.3117020397432256,1.439637606809775
125.0,1.0,4.440691992686113
126.0,0.2023191926999175,0.22079068618264464
127.0,1.0,0.06743666465926675
128.0,0.019950539430172665,20.0
129.0,0.0,1e-10
130.0,0.019950539016446295,20.0
131.0,0.044646427141807776,20.0
132.0,1.0,10.621589618124094
133.0,1.0,0.2578734998145985
134.0,0.3961207379849037,0.8515931134394835
135.0,1.0,12.674370480203548
136.0,0.8969959365109718,0.3760704824317379
137.0,1.0,0.13987253584046486
138.0,0.9328552420074705,0.36161418484263874
139.0,0.020873116578120035,20.0
140.0,0.024176684548385723,20.0
141.0,0.04544049197669498,20.0
142.0,0.0554268388594036,20.0
143.0,1.0,7.8172151449504526
144.0,1.0,16.1735894336239
145.0,1.0,12.626165438080408
146.0,0.993647171095241,8.918769143576682
147.0,0.9363927784193616,14.142014801203713
148.0,0.015626294678513265,20.0
149.0,0.3469501440214693,0.972282899620288
150.0,1.0,14.52144270626327
151.0,0.6518364734996606,0.688421101680893
152.0,0.9738048410110652,11.396589954508624
153.0,1.0,14.092455208487262
154.0,0.020873117138564,20.0
155.0,1.0,0.44873798261607684
156.0,1.0,9.390156757644792
157.0,1.0,14.335198637998554
158.0,0.01562629465834346,20.0
159.0,1.0,6.536392939483785
160.0,1.0,9.339476338414098
161.0,1.0,10.91302337831194
162.0,1.0,12.235678305859198
163.0,1.0,14.002454941480499
164.0,1.0,10.111366549298745
165.0,0.414641472956298,0.81355510241906
166.0,1.0,12.326813123214459
167.0,1.0,11.547347184083451
168.0,1.0,13.621321279047933
169.0,1.0,13.377425167951847
170.0,1.0,7.67266348616813
171.0,1.0,16.28013099390927
172.0,1.0,11.918957164149983
173.0,1.0,11.428888688485916
174.0,1.0,13.983860649982947
175.0,1.0,13.573597445079203
176.0,1.0,12.890965154171326
177.0,1.0,0.4487379782472476
178.0,1.0,12.537388478545841
179.0,0.05902481501114014,20.0
180.0,0.9439413876376663,13.084899893679234
181.0,0.9427648984388326,14.545915007713893
182.0,1.0,14.63982042177513
183.0,0.18417078635352793,20.0
184.0,1.0,15.174862664002825
185.0,0.04919271862006384,20.0
186.0,1.0,8.003672516914929
187.0,1.0,12.283432395724411
188.0,1.0,8.398108831432396
189.0,1.0,14.79014243686024
190.0,0.047139537365123885,20.0
191.0,1.0,10.863281716581694
192.0,1.0,10.749871203950361
193.0,1.0,12.393680114638737
194.0,1.0,16.825599183764854
195.0,1.0,10.419811375067386
196.0,1.0,12.963625644135687
197.0,0.22956029379248033,20.0
198.0,1.0,14.755014629116234
199.0,1.0,15.002539490145281
200.0,1.0,13.053938819069122
201.0,1.0,15.728378309442654
202.0,1.0,11.912234247502996
203.0,1.0,13.603907375885266
204.0,0.18477568261351396,20.0
205.0,1.0,12.680913694900266
206.0,1.0,11.238254901055988
207.0,0.18477569510516537,20.0
208.0,1.0,18.681373292931283
209.0,1.0,12.53148859759171
210.0,1.0,6.618986924905309
211.0,1.0,11.05789399227741
212.0,1.0,11.65377453471049
213.0,1.0,14.820641575815317
214.0,0.9833432004475041,12.931835259516543
215.0,1.0,13.309654310512844
216.0,0.5383628861883762,0.218954949373669
217.0,0.9861507149548876,16.822983941546507
218.0,1.0,13.443037622684749
219.0,1.0,10.939879713557703
220.0,0.998358984944693,10.667645721182923
221.0,0.0022234682848499667,20.0
222.0,1.0,0.13987254019688064
223.0,1.0,0.2578734950405299
224.0,0.0,1e-10
225.0,0.0,1e-10
226.0,1.0,0.22466546489404812
227.0,0.0,1e-10
228.0,1.0,0.4487379740965487
229.0,0.3736057299547265,0.3743854289253616
230.0,0.0,1e-10
231.0,1.0,10.085379066702636
232.0,0.02417668378638544,20.0
233.0,0.22062849190064762,1.8267795317687514
234.0,1.0,0.44873798536469944
235.0,0.5340087963329219,0.8403194621301278
236.0,1.0,0.5291336407104914
237.0,1.0,10.948753024331689
238.0,0.019950537848104903,20.0
239.0,0.18477579124039273,20.0
240.0,0.00693985025317653,20.0
241.0,1.0,12.892643920977854
242.0,1.0,6.149823565585779
243.0,0.491578188108504,0.9128517074704017
244.0,1.0,13.01850309076906
245.0,1.0,12.65508780235962
246.0,1.0,13.708169433310049
247.0,0.9862119922343385,17.50564674115022
248.0,1.0,11.809951067568868
249.0,1.0,12.665691834759688
250.0,1.0,12.539950895055892
251.0,1.0,10.214674293508555
252.0,1.0,7.729604589069909
253.0,0.9541816492069396,0.6212321627371613
254.0,1.0,10.753167299779465
255.0,0.9903904052079321,13.22829926748343
256.0,0.18534754369344872,20.0
257.0,0.4146414419331623,0.8135551926635212
258.0,1.0,12.585489901732933
259.0,1.0,12.270193648417576
260.0,0.9624838986816703,8.227981299223645
261.0,1.0,10.78237568657817
262.0,1.0,4.4317163687701875
263.0,0.37127333656981754,15.683659518067905
264.0,1.0,14.303251548245342
265.0,1.0,9.818137920860028
266.0,1.0,13.930122175312219
267.0,1.0,8.632078273798001
268.0,0.46821616088433826,1.1301054883347732
269.0,1.0,13.192739160384384
270.0,1.0,14.446310156682166
271.0,1.0,10.722547530240645
272.0,1.0,9.537164292941956
273.0,1.0,10.17889015941315
274.0,0.9868418766790643,17.06941910099481
275.0,1.0,12.347559515251314
276.0,1.0,6.770515315622284
277.0,1.0,16.851979158295954
278.0,1.0,8.286034171641814
279.0,1.0,14.476348198999196
280.0,1.0,13.642425443300501
281.0,1.0,20.0
282.0,1.0,7.699925969108595
283.0,1.0,13.366453378294706
284.0,1.0,13.883347055977303
285.0,1.0,10.34603451128679
286.0,1.0,12.211758312376242
287.0,1.0,8.588697530692915
288.0,1.0,11.826247644994128
289.0,1.0,11.354409333828867
290.0,1.0,12.620782529050494
291.0,1.0,12.308160841632617
292.0,1.0,8.074092010139088
293.0,1.0,12.0314129064379
294.0,1.0,11.089643656984082
295.0,0.0903286087795927,20.0
296.0,1.0,13.1902116002453
297.0,1.0,16.042520280496948
298.0,1.0,12.10597117329004
299.0,1.0,12.492105695273734
300.0,1.0,12.938621358051142
301.0,1.0,8.886081882166593
302.0,1.0,13.465991622730739
303.0,1.0,9.033497486515571
304.0,1.0,9.676846302829121
305.0,1.0,14.457811795644965
306.0,1.0,9.241893169738544
307.0,1.0,10.30343972597359
308.0,1.0,13.355886430589312
309.0,0.18534755135889486,20.0
310.0,1.0,12.173415067208273
311.0,1.0,11.31032744865579
312.0,1.0,20.0
313.0,1.0,11.375842468460968
314.0,1.0,13.938874384043626
315.0,0.18477567378835505,20.0
316.0,1.0,10.898254008978824
317.0,1.0,13.837788287507879
318.0,1.0,11.788416476565024
319.0,1.0,14.780347780092532
320.0,0.9493013392842922,10.879865061568854
321.0,1.0,17.680862553576628
322.0,0.7486062042891585,0.7479515005353636
323.0,1.0,14.904619313551438
324.0,0.9549266750426894,11.301930682863341
325.0,1.0,7.62710856636552
326.0,0.6592976745941116,20.0
327.0,0.9763527178815018,14.343442751519369
328.0,1.0,7.170613702249676
329.0,1.0,13.906098251195607
330.0,1.0,12.002022486422174
331.0,0.0,1e-10
332.0,0.0,0.069289764102893
333.0,0.0023025635048468736,20.0
334.0,0.19567117078980226,0.714834648420242
335.0,0.0013401569964112943,20.0
336.0,0.0,1e-10
337.0,0.00044388331274890653,20.0
338.0,0.0,0.6827615771616407
339.0,0.0,1e-10
340.0,0.00776469478422212,20.0
341.0,0.12545656514622167,3.7083648164441647
342.0,0.016470597526352455,20.0
343.0,1.0,13.801329578434467
344.0,0.021975265556014586,20.0
345.0,0.017814446674271085,20.0
346.0,0.5089716963989014,0.8816560514762223
347.0,0.02417668378292346,20.0
348.0,0.01995053972933798,20.0
349.0,1.0,16.544394456348176
350.0,1.0,11.322926333463808
351.0,1.0,0.5291336523868985
352.0,1.0,12.537702566918062
353.0,1.0,14.514080926137284
354.0,1.0,12.642650143681594
355.0,1.0,13.585097197931738
356.0,1.0,14.467320177700703
357.0,0.024176684130989928,20.0
358.0,1.0,6.535875191179247
359.0,1.0,11.620249926130313
360.0,1.0,15.450301862369658
361.0,1.0,15.251934273077946
362.0,1.0,10.871807643858382
363.0,0.370653067370988,14.84227395651929
364.0,1.0,14.049555569025724
365.0,1.0,12.840306418720953
366.0,1.0,12.128933989096334
367.0,1.0,14.586744319943836
368.0,0.13003794381630468,20.0
369.0,1.0,12.366487465226779
370.0,1.0,13.865958660039027
371.0,1.0,14.071685934640685
372.0,1.0,5.697678190447961
373.0,1.0,12.655868950466967
374.0,1.0,18.162551186278407
375.0,1.0,16.77411658951372
376.0,1.0,12.435109899126521
377.0,1.0,11.779680442530275
378.0,0.9986455879510623,14.564974865939707
379.0,0.8381057711498858,12.323895746072424
380.0,1.0,6.659748747193948
381.0,1.0,13.075954881050219
382.0,1.0,9.76667553864285
383.0,0.909071495652426,14.371512183330022
384.0,1.0,8.166378236684174
385.0,1.0,9.547507400107746
386.0,1.0,15.638800351899373
387.0,1.0,12.371839660565607
388.0,1.0,13.689342820584395
389.0,1.0,12.990489683929445
390.0,1.0,13.261398668549763
391.0,0.18416327496542567,20.0
392.0,1.0,12.648626848874402
393.0,1.0,19.651194804730622
394.0,1.0,11.407820680118242
395.0,1.0,12.105549657577502
396.0,1.0,15.270743804990486
397.0,1.0,16.03417993814547
398.0,0.9971817295024148,4.9050704382901005
399.0,1.0,13.679883092428025
400.0,1.0,10.980527685272275
401.0,1.0,16.373425448819994
402.0,1.0,20.0
403.0,1.0,11.096079472927343
404.0,1.0,14.134954294448487
405.0,1.0,15.806335553361391
406.0,1.0,12.228538413691325
407.0,0.8452330587880668,17.11066167582444
408.0,1.0,15.531281460881592
409.0,0.9680391029358512,12.03500755784968
410.0,1.0,4.442279053841518
411.0,1.0,13.019957341348166
412.0,1.0,11.552403336902044
413.0,0.2014920275400802,20.0
414.0,1.0,12.829581152402085
415.0,1.0,12.429056351677819
416.0,1.0,14.694161017548787
417.0,1.0,9.431503674338298
418.0,1.0,9.545013460967974
419.0,0.9570758642207725,16.13795539560006
420.0,1.0,8.146110675332391
421.0,1.0,12.609755320851304
422.0,1.0,14.007218433686255
423.0,1.0,14.430189169805848
424.0,1.0,13.356772729026861
425.0,0.9838384333409517,12.412631279231597
426.0,1.0,12.006373195747186
427.0,1.0,12.666521368862327
428.0,1.0,14.521697650873117
429.0,1.0,6.074800239713728
430.0,1.0,9.029474513764885
431.0,0.9438655329464942,10.130707526987894
432.0,1.0,16.045384157387304
433.0,1.0,16.479300119816173
434.0,1.0,13.39834329267964
435.0,1.0,15.149824375148565
436.0,1.0,13.578743206387534
437.0,1.0,16.010842172473296
438.0,1.0,10.498618482307958
439.0,1.0,12.159245780302241
440.0,1.0,11.644777946742575
441.0,0.16579516915042505,0.8436466350684745
442.0,0.0,1e-10
443.0,0.0,0.5223554318140851
444.0,1.0,0.13987253944509265
445.0,0.007764695001158858,20.0
446.0,0.004224474421089018,20.0
447.0,1.0,0.25787349940661053
448.0,0.003381782254228422,20.0
449.0,0.0,1e-10
450.0,0.0,1e-10
451.0,1.0,7.941479001354279
452.0,1.0,6.796583997378355
453.0,1.0,16.55543230992965
454.0,1.0,11.891578653812335
455.0,0.8519989701030962,0.621049627986759
456.0,1.0,15.728246889941664
457.0,1.0,12.307639044715547
458.0,1.0,12.935123701333481
459.0,1.0,10.072119947996462
460.0,1.0,11.168334217728797
461.0,0.9891245532996309,17.789639576769684
462.0,1.0,15.162331727744466
463.0,0.9431652405229454,15.112810844201144
464.0,1.0,14.190455111285775
465.0,1.0,13.842636725818634
466.0,1.0,12.562476542377327
467.0,1.0,11.059979683250788
468.0,1.0,13.395769649795751
469.0,1.0,11.858690590235376
470.0,1.0,11.87637064502667
471.0,1.0,15.238542878788365
472.0,1.0,12.306174368925602
473.0,1.0,12.026945202700174
474.0,1.0,7.924224942902557
475.0,1.0,13.098746112803433
476.0,1.0,6.7791709136499705
477.0,1.0,15.823381762986799
478.0,1.0,12.559940562992763
479.0,1.0,12.175173251789868
480.0,1.0,11.73680682208844
481.0,1.0,13.67297634060774
482.0,1.0,10.582757914921727
483.0,1.0,9.778427982971492
484.0,1.0,7.119810447211547
485.0,1.0,14.681583842363692
486.0,1.0,20.0
487.0,1.0,16.303617793826664
488.0,1.0,20.0
489.0,1.0,11.904569533139794
490.0,1.0,12.793130828327033
491.0,1.0,11.290296883822359
492.0,1.0,9.885637069747718
493.0,1.0,7.299411311421286
494.0,1.0,12.111714952287086
495.0,1.0,12.251983744033536
496.0,1.0,5.886199352157302
497.0,1.0,15.437236327980296
498.0,1.0,9.6628345844619
499.0,1.0,18.773959021962682
500.0,1.0,18.390580954358256
501.0,1.0,13.337124747238176
502.0,1.0,17.077988996473835
503.0,1.0,9.82673307117174
504.0,1.0,15.458447732538415
505.0,1.0,10.007809441744625
506.0,1.0,10.443761209769335
507.0,1.0,12.47423159192672
508.0,1.0,13.379075848669874
509.0,1.0,12.408072028392235
510.0,1.0,11.171407669991885
511.0,1.0,8.527257242743241
512.0,1.0,13.438633128851333
513.0,1.0,11.461776857634131
514.0,1.0,14.002945379676337
515.0,1.0,11.66064190457651
516.0,1.0,14.780716615006668
517.0,1.0,15.936732070892056
518.0,0.8993893105152735,8.17517981360607
519.0,1.0,7.384296850070074
520.0,1.0,15.154093693794538
521.0,1.0,13.602738938344364
522.0,1.0,12.550358976664873
523.0,1.0,14.636496326619667
524.0,0.9906666945293094,14.506426354205828
525.0,1.0,7.399462532261111
526.0,1.0,12.668535565646287
527.0,1.0,13.04796625416535
528.0,1.0,13.244443211813273
529.0,1.0,8.508987949362982
530.0,1.0,15.84715186460446
531.0,1.0,12.784302344744708
532.0,1.0,18.65101461512433
533.0,1.0,12.360873167794852
534.0,1.0,11.371776288614623
535.0,1.0,11.774794578566299
536.0,1.0,6.176603533719882
537.0,0.9292311882670989,12.827943868903041
538.0,1.0,13.933942106738263
539.0,0.3629173398443699,16.359009916810315
540.0,1.0,12.49534668855692
541.0,1.0,12.123923954895876
542.0,1.0,12.073235259032662
543.0,1.0,10.59157144639573
544.0,1.0,10.089296983544337
545.0,1.0,16.47221329879328
546.0,1.0,11.858512198821401
547.0,1.0,13.152909477320856
548.0,1.0,16.591248677453788
549.0,1.0,11.977168816020171
550.0,1.0,17.23080554974433
551.0,0.0,1e-10
552.0,0.0,1e-10
553.0,0.0,1e-10
554.0,0.0,1e-10
555.0,0.007764695679258332,20.0
556.0,0.0009500829892364012,20.0
557.0,0.0,1e-10
558.0,0.0,1e-10
559.0,0.6134154216810209,0.028156731134392432
560.0,1.0,0.04467018996844229
561.0,1.0,15.223194949924881
562.0,1.0,12.467060603994334
563.0,1.0,15.502599629433075
564.0,1.0,13.110772803835205
565.0,1.0,12.56979500030799
566.0,1.0,14.783663419670708
567.0,0.9086953577102135,18.753679042394147
568.0,0.12543713090775196,2.8816330577595135
569.0,1.0,12.821473720212277
570.0,1.0,8.027201263207472
571.0,0.3926264724034426,15.016493394924181
572.0,1.0,12.99901681554591
573.0,1.0,20.0
574.0,1.0,12.226952494392282
575.0,1.0,17.49650828984568
576.0,1.0,16.02471959492633
577.0,1.0,13.923452406171235
578.0,1.0,7.7178556254286015
579.0,1.0,12.718996276816103
580.0,1.0,14.253182619362478
581.0,1.0,12.376778904378954
582.0,1.0,11.907032763536309
583.0,1.0,14.04163312629191
584.0,1.0,12.047381153052877
585.0,1.0,10.941062017686571
586.0,1.0,12.045190263870534
587.0,1.0,15.750192362689468
588.0,1.0,13.119927437333502
589.0,1.0,16.889591365700138
590.0,0.9651565560741568,8.164421444907406
591.0,1.0,15.264736465601153
592.0,1.0,13.040154016790655
593.0,1.0,14.305930406007777
594.0,1.0,12.24675854486688
595.0,1.0,11.797385187475495
596.0,1.0,14.043420704263253
597.0,1.0,11.142071380876512
598.0,1.0,11.868208008477882
599.0,1.0,14.78409461892463
600.0,1.0,20.0
601.0,1.0,12.382091126897409
602.0,1.0,12.080267730363095
603.0,1.0,12.225473837881676
604.0,1.0,17.6897700919007
605.0,1.0,7.956485199846115
606.0,1.0,15.155095681290263
607.0,1.0,15.335247392194823
608.0,1.0,6.540007652251826
609.0,0.9815582831124718,5.758047586239985
610.0,1.0,13.70388246429427
611.0,1.0,12.540100626920601
612.0,1.0,14.949045580938702
613.0,1.0,16.800991971167516
614.0,1.0,4.441275762709614
615.0,1.0,7.728316449899413
616.0,1.0,17.284795261518195
617.0,0.46519341072771436,11.471727328538126
618.0,1.0,14.230101056593401
619.0,1.0,11.272632714145537
620.0,1.0,12.918402890573416
621.0,1.0,9.897906827357783
622.0,1.0,12.906440284854218
623.0,1.0,13.738166423342898
624.0,1.0,14.30339753475164
625.0,1.0,14.078997010249768
626.0,1.0,13.596509738052223
627.0,1.0,10.031597404974875
628.0,1.0,13.53273750288291
629.0,1.0,10.440435266758682
630.0,1.0,14.99713454053297
631.0,1.0,15.122190694566719
632.0,1.0,7.690226808620487
633.0,1.0,12.609190665933493
634.0,1.0,10.626367508877054
635.0,1.0,11.337001491042157
636.0,0.9461345296831215,12.29196876449741
637.0,1.0,12.452960590054827
638.0,1.0,10.437783736925322
639.0,1.0,15.541246236995816
640.0,1.0,12.461935839260557
641.0,1.0,7.9349266988889635
642.0,1.0,10.584863285649051
643.0,1.0,12.901136223579408
644.0,1.0,11.799477750734592
645.0,0.8475566953339401,11.375007610504884
646.0,1.0,17.061205860648794
647.0,1.0,14.910582598918271
648.0,1.0,16.61873484494771
649.0,1.0,14.379401135371923
650.0,1.0,4.433855245446642
651.0,1.0,4.4313981144598245
652.0,1.0,13.77512200731915
653.0,1.0,12.609001543964192
654.0,0.9836884276061865,12.734159859885029
655.0,1.0,20.0
656.0,1.0,10.774522255380017
657.0,1.0,18.359611083467158
658.0,1.0,11.555939686945717
659.0,1.0,16.78084631021864
660.0,1.0,7.581451193179171
661.0,0.0,1e-10
662.0,1.0,0.13987254029780014
663.0,0.26790386856825965,0.9625598147589172
664.0,1.0,0.20618104351698427
665.0,0.0,1e-10
666.0,0.0,1e-10
667.0,0.0,1e-10
668.0,1.0,8.0474111331911
669.0,0.9999999629305377,0.13987254201442384
670.0,0.008161289361311663,20.0
671.0,1.0,12.876627166581777
672.0,1.0,16.43780620829739
673.0,1.0,0.5927683255948747
674.0,1.0,8.20869324270383
675.0,1.0,12.8142770277652
676.0,1.0,16.18356020100591
677.0,1.0,9.194949677112257
678.0,1.0,7.952080904586431
679.0,1.0,9.786065256975988
680.0,1.0,10.725265838489378
681.0,1.0,15.377274363642172
682.0,1.0,12.325852186127877
683.0,0.9864148940438,12.960127422479603
684.0,0.4651633029799698,11.510833368083201
685.0,1.0,15.398850982047941
686.0,1.0,11.369378181795089
687.0,1.0,13.0156469134155
688.0,1.0,16.481312840153205
689.0,1.0,9.80120801860706
690.0,1.0,7.793095000841705
691.0,1.0,12.994238886664837
692.0,1.0,6.861787181317974
693.0,1.0,12.199304254021875
694.0,1.0,10.247500822425357
695.0,1.0,10.404560529957845
696.0,1.0,8.422033110283435
697.0,1.0,16.941204250257254
698.0,1.0,8.518894874692574
699.0,1.0,17.287179067856727
700.0,1.0,12.974760739992115
701.0,1.0,12.234274015985184
702.0,1.0,12.924745059955185
703.0,1.0,15.526896789418108
704.0,1.0,4.436288602691687
705.0,1.0,14.48626969162046
706.0,1.0,11.9679961467628
707.0,1.0,10.846661844854822
708.0,1.0,11.915463865793832
709.0,0.9905679124832657,10.031579022503786
710.0,1.0,8.427988493899186
711.0,1.0,20.0
712.0,1.0,13.011557840342977
713.0,1.0,10.445164225508908
714.0,1.0,11.410220163123508
715.0,1.0,15.413041172482547
716.0,1.0,8.248477295985513
717.0,1.0,13.027776430108265
718.0,1.0,12.40091056127495
719.0,1.0,17.633329858527475
720.0,1.0,12.042887631748798
721.0,1.0,13.446735948255157
722.0,1.0,13.051081543268484
723.0,1.0,11.696863756685914
724.0,1.0,12.813955450431624
725.0,1.0,14.464271543347344
726.0,1.0,8.170497754330341
727.0,1.0,15.690933049072608
728.0,0.9798553032514794,15.531555856578295
729.0,1.0,10.760079640270307
730.0,1.0,12.093642576489598
731.0,1.0,19.924386537891547
732.0,1.0,12.322327988357545
733.0,1.0,11.638135692668506
734.0,1.0,11.260872231638183
735.0,1.0,14.124738211934122
736.0,1.0,13.300806199219188
737.0,1.0,12.673235356100873
738.0,1.0,12.4318996289939
739.0,1.0,20.0
740.0,1.0,15.669130442654465
741.0,1.0,12.52778826236621
742.0,1.0,11.729208431122073
743.0,1.0,10.862724886471755
744.0,1.0,14.316609361526751
745.0,1.0,10.201866202805974
746.0,1.0,14.949213503379887
747.0,1.0,9.604590438606856
748.0,1.0,15.788467261339335
749.0,1.0,15.31851164087024
750.0,1.0,13.967451091196276
751.0,1.0,15.212624569953535
752.0,1.0,13.137047649600248
753.0,1.0,8.734092288318749
754.0,1.0,10.286284785450704
755.0,1.0,7.4465175616075525
756.0,1.0,13.468197711612353
757.0,1.0,14.257016069346879
758.0,0.9527567248191903,15.493476285443258
759.0,1.0,11.131421827960176
760.0,1.0,12.573962689505926
761.0,1.0,13.699265847444362
762.0,1.0,12.876730882243583
763.0,1.0,14.656848003310555
764.0,1.0,14.280747110381949
765.0,1.0,10.385592349458014
766.0,1.0,8.695086548765387
767.0,1.0,12.820906263089972
768.0,1.0,8.833224863634312
769.0,1.0,14.567238337698694
770.0,1.0,13.62108353960036
771.0,1.0,0.06743665799124536
772.0,0.08988971271434794,0.4969443346820709
773.0,0.0,1e-10
774.0,0.0,1e-10
775.0,1.0,0.08134188358872775
776.0,0.0022036768269916352,20.0
777.0,1.0,0.06743666128020318
778.0,0.003551068676389258,20.0
779.0,0.006887508531414119,20.0
780.0,0.0,0.16948963222599855
781.0,1.0,12.503463751254856
782.0,1.0,8.339305044797324
783.0,1.0,12.31073693183226
784.0,1.0,8.709769913933483
785.0,1.0,11.997593462959347
786.0,1.0,0.4487379941137951
787.0,1.0,7.541488371166018
788.0,1.0,20.0
789.0,1.0,9.88224867539656
790.0,0.7426553625007064,0.7124888260643718
791.0,1.0,11.784846903077225
792.0,1.0,12.652781732794885
793.0,1.0,11.962873176017524
794.0,1.0,15.444530190850113
795.0,1.0,11.087738742555926
796.0,1.0,7.853350104766392
797.0,1.0,7.368507649555299
798.0,1.0,14.906597740022216
799.0,1.0,13.176741742679505
800.0,1.0,11.108341483922917
801.0,1.0,12.18385823328013
802.0,1.0,15.753291672221145
803.0,1.0,13.27813947174893
804.0,1.0,12.686420623984622
805.0,1.0,9.298994256927072
806.0,1.0,12.879943182194687
807.0,1.0,10.851981576238131
808.0,0.9802192235674028,13.38874062148997
809.0,1.0,10.794813175044625
810.0,1.0,13.096531537443504
811.0,1.0,15.251538860946846
812.0,1.0,8.099895996453688
813.0,1.0,8.505903291684303
814.0,1.0,9.938345806492336
815.0,1.0,13.489923795853453
816.0,1.0,13.199784257289737
817.0,1.0,13.294559257579078
818.0,1.0,14.467228344276633
819.0,1.0,11.311643890137722
820.0,1.0,13.678256880346073
821.0,1.0,20.0
822.0,1.0,12.217460850606153
823.0,1.0,14.260011373730412
824.0,1.0,13.650330981521458
825.0,1.0,12.373889591785522
826.0,1.0,8.227137907164755
827.0,1.0,7.292161179558495
828.0,1.0,12.903823371323877
829.0,1.0,7.858297759526222
830.0,1.0,12.39499396219933
831.0,1.0,15.144978682374433
832.0,1.0,11.997181026578462
833.0,1.0,15.073296587805745
834.0,0.528034541696684,0.8556485181389711
835.0,1.0,9.407488392133802
836.0,1.0,8.775762757384507
837.0,1.0,13.08569917228208
838.0,1.0,12.413280430976524
839.0,1.0,17.14668689944315
840.0,1.0,6.317855424436525
841.0,1.0,8.262520575398131
842.0,1.0,11.30864358230647
843.0,1.0,15.015168444086376
844.0,1.0,10.764324741515246
845.0,1.0,13.121406328528057
846.0,1.0,14.769859242272755
847.0,1.0,11.953050431352969
848.0,1.0,9.509360373170205
849.0,0.9674101765960946,12.190463873119993
850.0,0.9609788994551248,12.967303503101784
851.0,1.0,12.311264430997777
852.0,1.0,13.698464466661168
853.0,1.0,8.099768225770285
854.0,1.0,12.766076260907758
855.0,0.9349658964278442,10.684043772876036
856.0,1.0,12.313077072985225
857.0,1.0,10.285922707670093
858.0,1.0,10.584298551480805
859.0,1.0,13.884168537631808
860.0,1.0,12.053011980396725
861.0,1.0,11.42053612160432
862.0,1.0,10.80765290486227
863.0,1.0,17.991032905472718
864.0,1.0,15.00396542012566
865.0,1.0,11.723003881906605
866.0,1.0,12.702450850191157
867.0,1.0,13.50628736240949
868.0,1.0,12.833960040161426
869.0,1.0,6.816177300219064
870.0,1.0,13.431108487047197
871.0,1.0,15.112235623622986
872.0,1.0,14.147681674053631
873.0,1.0,12.14378096625478
874.0,0.9390732248305134,7.482875936450508
875.0,1.0,13.250228418277592
876.0,1.0,13.650349319953577
877.0,1.0,11.491909009359723
878.0,1.0,12.390408655594884
879.0,1.0,17.168446572048097
880.0,1.0,13.236594421617948
881.0,0.007530398780177823,20.0
882.0,0.0,1e-10
883.0,0.0,1e-10
884.0,1.0,0.2246654596355224
885.0,0.012910502237969367,20.0
886.0,0.08657345363784504,20.0
887.0,0.0,1e-10
888.0,0.5606932018014921,0.4599190802040369
889.0,0.18315105200505202,0.5595163797826835
890.0,0.0,1e-10
891.0,1.0,11.492849991285267
892.0,1.0,15.319238215952973
893.0,1.0,13.116158023197958
894.0,1.0,20.0
895.0,1.0,13.660563559305936
896.0,1.0,12.6020904659682
897.0,1.0,16.734807837801934
898.0,1.0,10.404479919425878
899.0,1.0,14.36420914642415
900.0,1.0,12.993046499976517
901.0,1.0,11.459528391452137
902.0,1.0,13.154208787315676
903.0,1.0,18.045882869375042
904.0,1.0,15.94048314574432
905.0,1.0,13.15378822117192
906.0,1.0,15.047783127166104
907.0,1.0,12.931299029930692
908.0,1.0,12.864796533428061
909.0,1.0,13.60112900717437
910.0,1.0,12.74951105576154
911.0,1.0,11.41815484974777
912.0,1.0,13.335613261436738
913.0,1.0,14.628023650208885
914.0,1.0,13.901426512294433
915.0,1.0,12.530048128401978
916.0,1.0,14.852768932065004
917.0,1.0,11.872824582187045
918.0,1.0,9.31903700788716
919.0,1.0,11.152081056266084
920.0,1.0,14.192328803635919
921.0,1.0,6.070635427427879
922.0,1.0,13.935579667428515
923.0,1.0,12.326496812483105
924.0,1.0,12.807492353869646
925.0,1.0,12.412540603933989
926.0,1.0,16.127628428487125
927.0,1.0,11.100391877527118
928.0,1.0,9.404592497348878
929.0,1.0,14.589025430177987
930.0,1.0,12.018996274268387
931.0,1.0,15.717068754368068
932.0,1.0,13.178282947161799
933.0,1.0,11.089996996563322
934.0,1.0,9.513797881789346
935.0,1.0,11.295669898042917
936.0,1.0,13.387853891894888
937.0,1.0,12.91272939174408
938.0,1.0,16.613217159444694
939.0,1.0,10.488872218146748
940.0,1.0,14.888669192114538
941.0,1.0,14.054539294515253
942.0,0.9415805818385568,16.18140019488089
943.0,0.7238989323713448,6.7569480371398525
944.0,1.0,12.850225028368081
945.0,1.0,13.542879463614087
946.0,0.9325208447326117,14.142596504895305
947.0,1.0,14.845612637619947
948.0,1.0,4.431289245975778
949.0,1.0,20.0
950.0,1.0,10.216479955896206
951.0,1.0,7.438318367669335
952.0,0.9859565449107875,20.0
953.0,1.0,10.641869419049229
954.0,1.0,13.26617725573249
955.0,1.0,15.062998085233993
956.0,1.0,8.206025831733411
957.0,1.0,14.458293700422077
958.0,1.0,14.131136990191896
959.0,1.0,13.572632930336276
960.0,1.0,12.656236986409107
961.0,1.0,11.123602175590381
962.0,1.0,15.046669189303934
963.0,1.0,15.028334378340933
964.0,1.0,4.49649318870753
965.0,1.0,17.23238223832717
966.0,1.0,11.01528429949258
967.0,0.9419290155940843,8.131203152377447
968.0,1.0,11.048062510836596
969.0,0.8369515113618156,15.032338039004083
970.0,1.0,11.441306292493538
971.0,1.0,8.65473854473633
972.0,1.0,16.28648399654331
973.0,1.0,13.77113375165562
974.0,1.0,13.101636967231071
975.0,1.0,12.32677472002839
976.0,1.0,8.175100625172762
977.0,1.0,15.343274814324344
978.0,1.0,11.81684118955334
979.0,1.0,10.138869896905707
980.0,1.0,15.08772906918582
981.0,1.0,8.707316587737495
982.0,0.9634838519533326,8.061121670178773
983.0,1.0,7.470014277891725
984.0,1.0,12.761884471929227
985.0,1.0,7.135349058577818
986.0,1.0,15.168986688165964
987.0,1.0,11.14642407653628
988.0,1.0,13.081915023031497
989.0,1.0,11.019264228432498
990.0,1.0,10.674248508810548
991.0,0.0,1e-10
992.0,0.0,1e-10
993.0,0.0,1e-10
994.0,1.0,0.13987253640739888
995.0,0.0,1e-10
996.0,1.0,0.13987253816860348
997.0,0.0,1e-10
998.0,0.0,1e-10
999.0,0.0,0.08456223829645577
1000.0,1.0,0.0674366664048585
1001.0,1.0,12.590181253110961
1002.0,1.0,8.928476585315245
1003.0,1.0,11.374587310664326
1004.0,1.0,13.368693454228726
1005.0,1.0,12.515776306406497
1006.0,0.9905246915213592,13.736470495431856
1007.0,1.0,20.0
1008.0,1.0,13.450420990792505
1009.0,0.8938304220742604,0.3774023409784582
1010.0,1.0,12.322243375858289
1011.0,1.0,10.811679927884978
1012.0,0.9740784267701879,9.128761761570756
1013.0,1.0,11.26283647035042
1014.0,1.0,14.323091093533977
1015.0,1.0,16.260902734627255
1016.0,1.0,10.939937557619244
1017.0,1.0,11.769435660677148
1018.0,1.0,12.51840122062931
1019.0,1.0,5.474273943229365
1020.0,1.0,11.213547711912774
1021.0,0.8968020581632602,12.043940055320746
1022.0,1.0,11.704920236528936
1023.0,1.0,4.441352210318853
1024.0,1.0,15.793382325834125
1025.0,1.0,13.547972068745901
1026.0,1.0,11.1426579628703
1027.0,1.0,10.084936730225714
1028.0,1.0,11.771576790082808
1029.0,1.0,10.841197489936764
1030.0,1.0,19.239998681533233
1031.0,1.0,13.377374975931355
1032.0,0.9488915885319081,15.821714596165139
1033.0,1.0,9.954737715416737
1034.0,1.0,16.46912554370829
1035.0,1.0,14.559282989378584
1036.0,1.0,17.398275447904126
1037.0,1.0,13.592821385313556
1038.0,1.0,10.309572117325438
1039.0,1.0,11.670911518144656
1040.0,1.0,14.173958263846806
1041.0,1.0,12.717872590580308
1042.0,1.0,16.47792957844388
1043.0,1.0,12.005670718169442
1044.0,1.0,9.482130218141329
1045.0,1.0,7.909592521351688
1046.0,1.0,5.958531122399487
1047.0,1.0,14.97998311142293
1048.0,1.0,12.854567506652767
1049.0,1.0,16.144096493873626
1050.0,1.0,13.81777455525436
1051.0,1.0,10.004381435845076
1052.0,1.0,12.382774618945232
1053.0,1.0,12.351511229578641
1054.0,1.0,15.866502408122429
1055.0,1.0,13.717139847750639
1056.0,1.0,14.023932974378567
1057.0,1.0,12.202342547951245
1058.0,1.0,12.606415124600321
1059.0,0.9567447637805511,13.594163462812716
1060.0,1.0,13.1915218108782
1061.0,1.0,10.18217216473007
1062.0,1.0,12.783832758500226
1063.0,1.0,8.329485570814985
1064.0,1.0,11.993582918999993
1065.0,1.0,12.903264042417996
1066.0,1.0,13.144161010883955
1067.0,1.0,7.05938622388331
1068.0,1.0,14.078587238915222
1069.0,1.0,14.193455993824228
1070.0,1.0,8.909579028756443
1071.0,1.0,13.45587057133481
1072.0,1.0,14.2700199716672
1073.0,1.0,10.223931376370759
1074.0,1.0,12.111335345096913
1075.0,1.0,15.27816945711246
1076.0,1.0,12.331088628357397
1077.0,1.0,11.836282420551239
1078.0,1.0,13.087040887610854
1079.0,1.0,12.165582931500548
1080.0,1.0,14.983065650306935
1081.0,1.0,12.655240350396726
1082.0,1.0,13.7371520656377
1083.0,1.0,14.131216185300037
1084.0,1.0,9.197252676202886
1085.0,1.0,11.045476412626076
1086.0,0.9688232653406957,14.001264703722194
1087.0,1.0,20.0
1088.0,1.0,12.51907613225891
1089.0,1.0,10.82154545876487
1090.0,1.0,12.604564794706452
1091.0,1.0,12.492955043195813
1092.0,1.0,10.933374104684649
1093.0,1.0,12.73541565825781
1094.0,1.0,10.733204680568594
1095.0,1.0,13.114512138266353
1096.0,0.9719838320553652,11.483560674730407
1097.0,0.9030503210406763,13.750239093690249
1098.0,1.0,16.17370786743283
1099.0,1.0,13.168267794943564
1100.0,1.0,13.415050502954339
1101.0,0.0,1e-10
1102.0,0.015626293614002102,20.0
1103.0,0.0,1e-10
1104.0,0.0,1e-10
1105.0,0.0,1e-10
1106.0,1.0,0.06743666098304149
1107.0,0.0,1e-10
1108.0,0.6068460002680665,0.7394593988674657
1109.0,0.0,1e-10
1110.0,0.9555245335308007,0.14638299067257357
1111.0,1.0,14.569377694865903
1112.0,1.0,14.607090512286783
1113.0,1.0,11.559030887334261
1114.0,1.0,6.62144680951285
1115.0,1.0,15.08152779267103
1116.0,1.0,10.809875065305864
1117.0,1.0,4.428702366051056
1118.0,1.0,11.224103365489514
1119.0,1.0,11.350095341365014
1120.0,1.0,8.227114108619517
1121.0,1.0,12.761911017347801
1122.0,1.0,16.33890984594625
1123.0,1.0,14.144851462632316
1124.0,1.0,13.22014343447663
1125.0,0.9131457812810602,7.1548929665576475
1126.0,1.0,12.39268535052354
1127.0,1.0,13.466337752845183
1128.0,1.0,10.932355410658737
1129.0,1.0,12.743147039814009
1130.0,1.0,14.025380515403294
1131.0,1.0,13.610320210579719
1132.0,1.0,13.612896596616325
1133.0,1.0,5.539643838125595
1134.0,1.0,15.879879404519153
1135.0,1.0,8.30781053078873
1136.0,1.0,13.135947553683646
1137.0,1.0,14.92403941575666
1138.0,1.0,19.826603982604514
1139.0,1.0,20.0
1140.0,1.0,13.41989223988886
1141.0,1.0,15.40789538927123
1142.0,1.0,16.38417146303273
1143.0,1.0,10.207238007091552
1144.0,1.0,15.875868919343896
1145.0,1.0,14.696238661798931
1146.0,1.0,13.296230693890552
1147.0,1.0,19.735427672670664
1148.0,1.0,14.271636773105296
1149.0,1.0,9.943828584102965
1150.0,1.0,11.281854371096049
1151.0,1.0,9.272534929865673
1152.0,1.0,12.823696704593287
1153.0,1.0,9.323413398616104
1154.0,1.0,13.90898203336033
1155.0,1.0,8.465511706877205
1156.0,1.0,10.875895950733428
1157.0,1.0,12.14766624010592
1158.0,1.0,6.951865272160173
1159.0,1.0,12.782527141892587
1160.0,1.0,17.591566531506214
1161.0,0.9889491723035726,15.868008810604978
1162.0,1.0,12.912425857761892
1163.0,1.0,11.958953965674235
1164.0,1.0,12.449291445382542
1165.0,1.0,10.80508016795929
1166.0,1.0,12.282583182622671
1167.0,1.0,10.380765753526036
1168.0,1.0,9.683743512075397
1169.0,1.0,11.04939782024993
1170.0,1.0,14.061897509373456
1171.0,1.0,13.01662678855311
1172.0,1.0,11.838089249503927
1173.0,1.0,13.959655761417734
1174.0,1.0,12.994192134169195
1175.0,1.0,15.45050032349289
1176.0,1.0,14.063365020189847
1177.0,1.0,13.857407237954309
1178.0,1.0,14.441598515217123
1179.0,1.0,12.733560618207177
1180.0,1.0,13.861633646562849
1181.0,1.0,13.388953651264236
1182.0,1.0,16.98566487118715
1183.0,1.0,12.681313599950096
1184.0,1.0,20.0
1185.0,1.0,12.431511787476037
1186.0,1.0,13.134023969315418
1187.0,1.0,12.47358980053358
1188.0,1.0,14.731420171855342
1189.0,1.0,13.922537933309735
1190.0,1.0,9.86117946009729
1191.0,1.0,8.375971150634836
1192.0,1.0,6.010994426009015
1193.0,1.0,14.951834541943498
1194.0,1.0,13.386421557507925
1195.0,1.0,11.72670838080599
1196.0,1.0,14.656747048077902
1197.0,1.0,14.286864408955699
1198.0,1.0,12.695822699431982
1199.0,1.0,8.781779238774716
1200.0,1.0,13.787360498656543
1201.0,1.0,10.46251785650386
1202.0,1.0,15.533756005008216
1203.0,1.0,12.381599780590081
1204.0,1.0,12.33501386349091
1205.0,1.0,13.15393294469592
1206.0,1.0,13.495204955892277
1207.0,1.0,13.071464382608179
1208.0,1.0,12.947149711473575
1209.0,1.0,10.635140436641636
1210.0,1.0,6.996152785065224
